taster_name,Abouriou,Agiorgitiko,Aglianico,Aidani,Airen,Albana,Albanello,Albariño,Aleatico,Alfrocheiro,Alicante,Alicante Bouschet,Aligoté,Alsace white blend,Altesse,Alvarelhão,Alvarinho,Alvarinho-Chardonnay,Antão Vaz,Apple,Aragonez,Aragonês,Argaman,Arinto,Arneis,Asprinio,Assyrtico,Assyrtiko,Athiri,Austrian Red Blend,Austrian white blend,Auxerrois,Avesso,Azal,Babić,Babosa Negro,Bacchus,Baco Noir,Baga,Baga-Touriga Nacional,Barbera,Barbera-Nebbiolo,Bastardo,Biancu Gentile,Bical,Black Muscat,Blanc du Bois,Blatina,Blauburger,Blauburgunder,Blauer Portugieser,Blaufränkisch,Bobal,Bobal-Cabernet Sauvignon,Bonarda,Bordeaux-style Red Blend,Bordeaux-style White Blend,Bovale,Boğazkere,Braucol,Bual,Cabernet,Cabernet Blend,Cabernet Franc,Cabernet Franc-Cabernet Sauvignon,Cabernet Franc-Carmenère,Cabernet Franc-Lemberger,Cabernet Franc-Malbec,Cabernet Franc-Merlot,Cabernet Merlot,Cabernet Moravia,Cabernet Pfeffer,Cabernet Sauvignon,Cabernet Sauvignon Grenache,Cabernet Sauvignon-Cabernet Franc,Cabernet Sauvignon-Carmenère,Cabernet Sauvignon-Malbec,Cabernet Sauvignon-Merlot,Cabernet Sauvignon-Merlot-Shiraz,Cabernet Sauvignon-Sangiovese,Cabernet Sauvignon-Shiraz,Cabernet Sauvignon-Syrah,Cabernet Sauvignon-Tempranillo,Cabernet-Malbec,Cabernet-Shiraz,Cabernet-Syrah,Canaiolo,Cannonau,Caprettone,Carcajolu,Carignan,Carignan-Grenache,Carignan-Syrah,Carignane,Carignano,Carineña,Cariñena-Garnacha,Carmenère,Carmenère-Cabernet Sauvignon,Carmenère-Syrah,Carricante,Casavecchia,Castelão,Catalanesca,Catarratto,Cayuga,Centesimino,Cerceal,Cercial,Cesanese,Chambourcin,Champagne Blend,Charbono,Chardonnay,Chardonnay Weissburgunder,Chardonnay-Pinot Blanc,Chardonnay-Pinot Gris,Chardonnay-Riesling,Chardonnay-Sauvignon,Chardonnay-Sauvignon Blanc,Chardonnay-Semillon,Chardonnay-Viognier,Chasselas,Chelois,Chenin Blanc,Chenin Blanc-Chardonnay,Chenin Blanc-Sauvignon Blanc,Chenin Blanc-Viognier,Chinuri,Ciliegiolo,Cinsault,Clairette,Claret,Coda di Volpe,Colombard,Colombard-Sauvignon Blanc,Colombard-Ugni Blanc,Colorino,Cortese,Corvina,Counoise,Códega do Larinho,Dafni,Debit,Diamond,Dolcetto,Dornfelder,Doña Blanca,Duras,Durella,Durif,Edelzwicker,Ekigaïna,Elbling,Emir,Encruzado,Erbaluce,Espadeiro,Falanghina,Favorita,Fer Servadou,Fernão Pires,Feteasca,Feteasca Neagra,Feteascǎ Regalǎ,Fiano,Folle Blanche,Forcallà,Francisa,Frankovka,Frappato,Freisa,Friulano,Früburgunder,Fumé Blanc,Furmint,G-S-M,Gaglioppo,Gamay,Gamay Noir,Gamza,Garganega,Garnacha,Garnacha Blanca,Garnacha Blend,Garnacha Tintorera,Garnacha-Cabernet,Garnacha-Cariñena,Garnacha-Monastrell,Garnacha-Syrah,Garnacha-Tempranillo,Gelber Muskateller,Gelber Traminer,Gewürztraminer,Gewürztraminer-Riesling,Glera,Godello,Gouveio,Graciano,Grauburgunder,Graševina,Grecanico,Grechetto,Greco,Greco Bianco,Grenache,Grenache Blanc,Grenache Blend,Grenache Gris,Grenache Noir,Grenache-Carignan,Grenache-Mourvèdre,Grenache-Shiraz,Grenache-Syrah,Grillo,Grolleau,Gros Manseng,Gros Plant,Gros and Petit Manseng,Grüner Veltliner,Hondarrabi Zuri,Hárslevelü,Incrocio Manzoni,Insolia,Inzolia,Irsai Oliver,Jacquez,Jacquère,Jaen,Jampal,Johannisberg Riesling,Kadarka,Kalecik Karasi,Kangoun,Karalahna,Karasakiz,Kekfrankos,Kerner,Kinali Yapincak,Kisi,Kotsifali,Kuntra,Lagrein,Lambrusco,Lambrusco Grasparossa,Lambrusco Salamino,Lambrusco di Sorbara,Lemberger,Listán Negro,Loin de l'Oeil,Loureiro,Loureiro-Arinto,Macabeo,Macabeo-Chardonnay,Macabeo-Moscatel,Madeira Blend,Madeleine Angevine,Magliocco,Malagousia,Malagouzia,Malagouzia-Chardonnay,Malbec,Malbec Blend,Malbec-Bonarda,Malbec-Cabernet,Malbec-Cabernet Franc,Malbec-Cabernet Sauvignon,Malbec-Carménère,Malbec-Merlot,Malbec-Petit Verdot,Malbec-Syrah,Malbec-Tannat,Malbec-Tempranillo,Malvar,Malvasia,Malvasia Bianca,Malvasia Fina,Malvasia Istriana,Malvasia Nera,Malvasia di Candia,Malvasia-Viura,Mandilaria,Mansois,Mantonico,Manzoni,Marawi,Maria Gomes,Maria Gomes-Bical,Marquette,Marsanne,Marsanne-Roussanne,Marsanne-Viognier,Marselan,Marzemino,Mataro,Maturana,Mauzac,Mavrodaphne,Mavrokalavryta,Mavrotragano,Mavroudi,Mavrud,Mazuelo,Melnik,Melon,Mencía,Meritage,Merlot,Merlot-Argaman,Merlot-Cabernet,Merlot-Cabernet Franc,Merlot-Cabernet Sauvignon,Merlot-Grenache,Merlot-Malbec,Merlot-Shiraz,Merlot-Syrah,Merlot-Tannat,Merseguera-Sauvignon Blanc,Meseguera,Misket,Mission,Molinara,Monastrell,Monastrell-Petit Verdot,Monastrell-Syrah,Mondeuse,Monica,Montepulciano,Morava,Morillon,Morio Muskat,Moscatel,Moscatel Graúdo,Moscatel Roxo,Moscatel de Alejandría,Moscato,Moscato Giallo,Moscato Rosa,Moschofilero,Moschofilero-Chardonnay,Mourvèdre,Mourvèdre-Syrah,Mtsvane,Muscadel,Muscadelle,Muscadine,Muscat,Muscat Blanc,Muscat Blanc à Petits Grains,Muscat Canelli,Muscat Hamburg,Muscat d'Alexandrie,Muscat of Alexandria,Muscatel,Muskat,Muskat Ottonel,Muskateller,Müller-Thurgau,Narince,Nascetta,Nasco,Nebbiolo,Negrette,Negroamaro,Nerello Cappuccio,Nerello Mascalese,Nero d'Avola,Nero di Troia,Neuburger,Nielluciu,Norton,Nosiola,Nuragus,Ojaleshi,Okuzgozu,Ondenc,Orange Muscat,Orangetraube,Other,Otskhanuri Sapere,Pallagrello Bianco,Pallagrello Nero,Palomino,Pansa Blanca,Papaskarasi,Parraleta,Passerina,País,Pecorino,Pedro Ximénez,Perricone,Petit Courbu,Petit Manseng,Petit Meslier,Petit Verdot,Petite Sirah,Petite Verdot,Picapoll,Picolit,Picpoul,Piedirosso,Pignoletto,Pinot Auxerrois,Pinot Bianco,Pinot Blanc,Pinot Blanc-Chardonnay,Pinot Blanc-Pinot Noir,Pinot Blanc-Viognier,Pinot Grigio,Pinot Grigio-Sauvignon Blanc,Pinot Gris,Pinot Gris-Gewürztraminer,Pinot Meunier,Pinot Nero,Pinot Noir,Pinot Noir-Gamay,Pinot Noir-Syrah,Pinot-Chardonnay,Pinotage,Pinotage-Merlot,Piquepoul Blanc,Plavac Mali,Plyto,Port,Portuguese Red,Portuguese Rosé,Portuguese Sparkling,Portuguese White,Portuguiser,Posip,Poulsard,Premsal,Prieto Picudo,Primitivo,Prié Blanc,Prosecco,Provence red blend,Provence white blend,Prunelard,Pugnitello,Rabigato,Raboso,Ramisco,Rara Neagra,Rebo,Rebula,Red Blend,Refosco,Rhône-style Red Blend,Rhône-style White Blend,Ribolla Gialla,Rieslaner,Riesling,Riesling-Chardonnay,Rivaner,Rkatsiteli,Robola,Roditis,Roditis-Moschofilero,Rolle,Romorantin,Rosado,Rosato,Rosenmuskateller,Rosé,Roter Traminer,Roter Veltliner,Rotgipfler,Roussanne,Roussanne-Marsanne,Roussanne-Viognier,Roviello,Ruché,Rufete,Ryzlink Rýnský,Sacy,Sagrantino,Sangiovese,Sangiovese Cabernet,Sangiovese Grosso,Sangiovese-Cabernet Sauvignon,Sangiovese-Syrah,Saperavi,Saperavi-Merlot,Sauvignon,Sauvignon Blanc,Sauvignon Blanc-Assyrtiko,Sauvignon Blanc-Chardonnay,Sauvignon Blanc-Chenin Blanc,Sauvignon Blanc-Sauvignon Gris,Sauvignon Blanc-Semillon,Sauvignon Blanc-Verdejo,Sauvignon Gris,Sauvignon-Sémillon,Sauvignonasse,Savagnin,Savatiano,Scheurebe,Schiava,Schwartzriesling,Sciaccerellu,Semillon-Chardonnay,Semillon-Sauvignon Blanc,Sercial,Seyval Blanc,Sherry,Shiraz,Shiraz-Cabernet,Shiraz-Cabernet Sauvignon,Shiraz-Grenache,Shiraz-Malbec,Shiraz-Mourvèdre,Shiraz-Roussanne,Shiraz-Tempranillo,Shiraz-Viognier,Sideritis,Siegerrebe,Silvaner,Silvaner-Traminer,Siria,Sirica,Sousão,Souzao,Sparkling Blend,Spätburgunder,St. Laurent,Susumaniello,Sylvaner,Symphony,Syrah,Syrah-Bonarda,Syrah-Cabernet,Syrah-Cabernet Franc,Syrah-Cabernet Sauvignon,Syrah-Carignan,Syrah-Grenache,Syrah-Grenache-Viognier,Syrah-Malbec,Syrah-Merlot,Syrah-Mourvèdre,Syrah-Petit Verdot,Syrah-Petite Sirah,Syrah-Tempranillo,Syrah-Viognier,Sämling,Sémillon,Tamianka,Tamjanika,Tannat,Tannat-Cabernet,Tannat-Cabernet Franc,Tannat-Merlot,Tannat-Syrah,Tempranillo,Tempranillo Blanco,Tempranillo Blend,Tempranillo-Cabernet Sauvignon,Tempranillo-Garnacha,Tempranillo-Malbec,Tempranillo-Merlot,Tempranillo-Shiraz,Tempranillo-Syrah,Tempranillo-Tannat,Teran,Teroldego,Teroldego Rotaliano,Terrantez,Thrapsathiri,Timorasso,Tinta Amarela,Tinta Barroca,Tinta Cao,Tinta Fina,Tinta Francisca,Tinta Madeira,Tinta Miúda,Tinta Negra Mole,Tinta Roriz,Tinta de Toro,Tinta del Pais,Tinta del Toro,Tinto Fino,Tinto Velasco,Tinto del Pais,Tocai,Tocai Friulano,Tokaji,Tokay,Tokay Pinot Gris,Torbato,Torontel,Torrontés,Touriga,Touriga Franca,Touriga Nacional,Touriga Nacional Blend,Touriga Nacional-Cabernet Sauvignon,Trajadura,Traminer,Traminette,Trebbiano,Trebbiano Spoletino,Treixadura,Trepat,Trincadeira,Trollinger,Trousseau,Trousseau Gris,Tsapournakos,Tsolikouri,Turbiana,Tămâioasă Românească,Ugni Blanc,Ugni Blanc-Colombard,Uva di Troia,Uvalino,Valdiguié,Valvin Muscat,Veltliner,Verdeca,Verdejo,Verdejo-Sauvignon Blanc,Verdejo-Viura,Verdelho,Verdicchio,Verdil,Verdosilla,Verduzzo Friulano ,Vermentino,Vernaccia,Vespolina,Vidadillo,Vidal,Vidal Blanc,Vignoles,Vilana,Vinhão,Viognier,Viognier-Chardonnay,Viognier-Gewürztraminer,Viognier-Grenache Blanc,Viognier-Marsanne,Viognier-Roussanne,Viosinho,Vital,Vitovska,Viura,Viura-Chardonnay,Viura-Verdejo,Vranac,Vranec,Weissburgunder,Welschriesling,White Blend,White Port,White Riesling,Xarel-lo,Xinisteri,Xinomavro,Xynisteri,Yapincak,Zelen,Zibibbo,Zierfandler,Zierfandler-Rotgipfler,Zinfandel,Zlahtina,Zweigelt,Çalkarası,Žilavka
Alexander Peartree,0,0,1,0,0,0,0,3,0,0,0,0,0,0,0,0,0,0,0,0,0,0,0,0,0,0,0,0,0,0,0,3,0,0,0,0,0,0,0,0,2,0,0,0,0,0,6,0,0,0,0,0,0,0,0,17,0,0,0,0,0,0,0,43,0,0,0,0,2,1,0,0,8,0,0,0,0,0,0,0,0,0,0,0,0,0,0,0,0,0,0,0,0,0,0,0,0,1,0,0,0,0,0,0,0,0,0,0,0,0,0,2,0,52,0,0,0,0,0,0,0,0,0,0,0,0,0,0,0,0,1,0,0,0,0,0,0,0,0,0,0,0,0,0,0,0,0,0,0,0,0,0,0,0,0,0,0,0,0,0,0,0,0,0,0,0,0,0,0,0,0,0,0,0,1,0,3,0,1,0,0,0,0,0,0,0,0,0,0,0,0,0,0,2,0,0,0,0,0,0,0,0,0,0,0,0,0,0,0,0,0,0,0,0,0,0,0,0,0,2,0,0,0,0,0,0,3,0,0,0,0,0,0,0,0,0,0,0,0,0,0,0,0,0,0,0,0,1,0,0,0,0,0,0,0,0,0,0,0,0,0,4,0,0,0,0,0,0,0,0,0,0,0,0,0,0,0,0,0,0,0,0,0,0,0,0,0,0,0,0,0,0,0,0,0,0,0,0,0,0,0,0,0,0,0,0,11,12,0,0,1,0,0,0,0,0,0,0,0,0,0,0,0,0,0,0,0,3,0,0,0,0,0,0,0,0,0,0,0,0,3,0,0,0,0,0,0,0,0,0,0,0,0,0,0,0,0,0,0,0,0,2,0,0,0,0,2,0,0,0,0,0,0,0,0,0,0,0,0,0,0,0,0,0,0,0,0,0,0,0,0,0,7,0,16,1,0,0,0,0,0,0,0,0,2,0,0,0,4,0,3,0,0,0,12,0,0,0,2,0,1,0,0,2,0,0,0,0,0,0,0,0,0,1,0,0,0,0,0,0,0,0,0,0,0,0,27,0,3,0,0,0,26,0,0,1,0,0,0,0,0,0,0,0,16,0,0,0,7,0,0,0,0,0,0,0,0,5,0,0,0,0,0,0,0,7,0,0,0,0,0,0,0,0,0,0,0,0,0,0,0,0,0,0,0,1,0,0,0,0,0,0,0,0,0,0,0,0,0,0,0,0,0,9,0,0,0,0,0,10,0,0,0,0,0,0,0,0,0,0,0,0,0,1,0,0,0,0,2,0,0,0,0,12,0,0,0,0,0,0,0,0,0,0,0,0,0,0,0,0,0,0,0,0,0,0,0,0,0,0,0,0,0,0,0,0,0,0,0,0,0,0,2,0,1,0,0,0,0,2,1,0,0,0,0,0,0,0,0,0,0,0,0,0,0,0,0,0,0,0,0,0,0,0,0,0,0,0,2,0,0,0,0,0,1,0,0,30,0,0,0,0,0,0,0,0,0,0,0,0,0,0,0,5,0,0,0,0,0,0,0,0,0,0,0,0,0,0,0,0
Anna Lee C. Iijima,0,0,0,0,0,0,0,3,0,0,0,0,0,0,0,0,0,0,0,0,0,0,0,0,0,0,0,0,0,0,0,2,0,0,0,0,2,8,0,0,3,0,0,0,0,0,0,0,0,0,1,12,0,0,0,79,0,0,0,0,0,0,0,226,1,0,2,0,3,0,1,0,94,0,0,0,0,3,0,0,0,0,0,0,0,2,0,0,0,0,0,0,0,0,0,0,0,2,0,0,0,0,0,0,0,1,0,0,0,0,1,22,0,291,0,0,0,1,0,0,0,1,0,2,2,0,0,0,1,0,0,0,0,0,0,0,0,0,0,0,0,0,0,0,1,0,22,0,0,0,0,0,0,4,0,0,0,0,0,0,0,0,0,3,3,0,0,0,0,0,0,0,0,1,0,6,0,0,0,4,0,0,0,0,0,0,0,0,0,0,0,0,0,153,3,0,0,0,0,6,0,0,0,0,0,1,0,0,0,0,0,0,0,0,0,0,0,0,0,28,0,0,0,0,0,1,0,0,0,0,0,0,0,0,0,0,1,0,0,0,0,0,0,0,0,0,0,22,0,0,0,0,0,0,0,0,0,0,0,0,0,9,0,0,0,0,0,0,3,0,0,0,0,0,4,0,0,5,0,0,0,0,0,0,0,0,0,0,2,0,0,0,0,0,0,0,0,0,0,0,0,1,0,0,0,0,20,122,0,1,5,0,0,0,0,0,0,0,0,0,0,0,0,0,0,0,0,1,0,0,0,0,0,0,0,3,0,0,0,0,0,0,1,0,0,0,1,0,0,0,0,0,0,0,0,8,2,2,0,0,0,0,0,0,0,0,0,0,0,0,0,0,0,0,2,0,0,0,0,0,0,0,0,0,0,0,0,0,0,0,0,0,0,0,10,0,1,0,0,0,0,0,0,0,38,0,0,0,29,1,59,0,0,0,201,0,0,0,0,0,0,10,0,0,0,0,0,0,0,4,0,0,0,0,0,0,0,0,0,0,0,0,0,0,0,0,70,0,0,0,2,3,2135,1,3,13,0,0,0,0,0,0,3,0,146,0,0,0,0,0,0,0,0,0,0,0,0,4,0,0,0,0,10,1,2,73,0,0,0,0,1,0,0,0,0,0,0,6,0,1,0,0,0,0,10,0,4,0,0,0,0,0,0,0,0,0,0,28,0,0,0,0,0,80,63,3,0,0,0,18,0,1,0,0,0,2,0,0,0,0,0,0,0,0,0,1,0,0,0,0,0,0,0,0,0,0,0,0,0,0,0,0,0,2,2,0,0,0,0,0,0,0,0,0,0,0,0,0,0,0,0,0,0,0,0,9,10,0,0,0,0,0,0,0,0,0,0,0,3,5,1,0,0,0,0,2,0,0,0,0,0,0,0,0,0,0,0,1,0,0,0,0,0,0,0,0,0,0,0,0,0,0,2,20,0,0,0,10,0,0,0,0,0,0,0,0,0,0,0,0,1,12,3,75,0,0,0,0,0,0,0,1,0,0,0,0,0,2,0,0
Anne Krebiehl MW,0,0,0,0,0,0,0,0,0,0,0,0,0,43,0,0,0,0,0,0,0,0,0,0,0,0,0,0,0,22,45,10,0,0,0,0,0,0,0,0,0,0,0,0,0,0,0,0,0,1,0,141,0,0,0,0,0,0,0,0,0,0,0,1,0,0,0,0,1,0,0,0,2,0,0,0,0,0,0,0,0,0,0,0,0,0,0,0,0,0,0,0,0,0,0,0,0,0,0,0,0,0,0,0,0,0,0,0,0,0,0,0,0,67,0,0,0,0,0,0,0,0,2,0,0,0,0,0,0,0,0,0,0,0,0,0,0,0,0,0,0,0,0,0,0,0,0,0,0,0,0,1,0,0,0,0,0,0,0,0,0,0,0,0,0,0,0,0,0,0,0,0,0,0,0,2,0,0,0,0,0,0,0,0,0,0,0,0,0,0,0,22,1,219,0,0,0,0,0,5,0,0,0,0,0,0,0,0,0,0,0,0,0,0,0,0,0,0,0,825,0,0,0,0,0,0,0,0,0,0,0,0,0,0,0,0,0,0,0,0,0,0,0,0,0,0,0,0,0,0,0,0,0,0,0,0,0,0,0,0,0,0,0,0,0,0,0,0,0,0,0,0,0,0,0,0,0,0,0,0,0,0,0,0,0,0,0,0,0,0,0,0,0,0,0,0,0,0,0,0,0,0,0,0,0,0,0,1,0,0,0,0,0,0,0,0,0,0,0,0,0,0,0,0,0,0,0,0,0,7,0,0,0,0,0,0,0,0,0,0,0,0,0,0,0,0,20,0,0,0,0,0,0,0,3,4,0,0,0,0,0,0,0,0,0,0,0,0,11,1,0,0,0,0,0,0,0,1,0,0,0,0,0,0,0,0,0,0,0,0,0,0,0,0,0,0,0,0,0,0,0,0,7,0,95,0,0,0,0,0,268,0,0,0,170,0,0,0,0,0,0,0,0,0,0,0,0,0,0,0,0,0,0,0,0,0,0,0,0,0,0,0,0,0,0,0,76,0,0,0,0,0,822,0,0,0,0,0,0,0,0,0,0,0,52,4,12,17,0,0,0,0,0,0,0,0,0,0,0,0,0,0,0,0,2,87,0,0,0,0,0,0,0,0,0,0,0,7,0,0,0,0,0,0,0,0,1,0,0,0,0,0,0,0,0,0,0,0,0,0,0,0,0,269,0,60,0,26,0,1,0,0,0,0,0,0,0,0,0,0,0,0,0,0,1,0,0,0,0,0,0,0,0,0,0,0,0,0,0,0,0,0,0,0,0,0,0,0,0,0,0,0,0,0,0,0,0,0,0,0,0,0,0,0,0,0,0,0,0,0,0,0,0,0,0,0,0,0,6,0,0,0,0,0,0,0,0,0,0,0,0,0,0,0,0,0,0,0,0,0,0,0,0,0,0,0,0,0,0,0,0,0,0,0,0,0,0,0,0,0,0,0,0,0,0,0,0,0,0,0,0,25,9,63,0,0,0,0,0,0,0,0,0,12,5,0,0,130,0,0
Carrie Dykes,0,0,0,0,0,0,0,1,0,0,0,0,0,0,0,0,0,0,0,0,0,0,0,0,0,0,0,0,0,0,0,0,0,0,0,0,0,0,0,0,0,0,0,0,0,0,0,0,0,0,0,0,0,0,0,20,0,0,0,0,0,0,0,15,0,0,0,0,0,0,0,0,7,0,0,0,0,0,0,0,0,0,0,0,0,0,0,0,0,0,0,0,0,0,0,0,0,1,0,0,0,0,0,0,0,0,0,0,0,0,2,0,0,15,0,0,0,0,0,0,0,0,0,0,0,0,0,0,0,0,0,0,0,0,0,0,0,0,0,0,0,0,0,0,0,0,0,0,0,0,0,0,0,0,0,0,0,0,0,0,0,0,0,0,0,0,0,0,0,0,0,0,0,0,0,0,0,0,0,0,0,0,0,0,0,0,0,0,0,0,0,0,0,0,0,0,0,0,0,0,0,0,0,0,0,0,0,0,0,0,0,0,0,0,0,0,0,0,0,0,0,0,0,0,0,0,0,0,0,0,0,0,0,0,0,0,0,0,0,0,0,0,0,0,0,0,0,0,0,0,0,0,0,0,0,0,0,0,0,0,0,2,0,0,0,0,0,0,0,0,0,0,0,0,0,0,0,0,0,0,0,0,0,0,0,0,0,0,0,0,0,0,0,0,0,0,0,0,0,0,0,0,0,0,0,0,2,4,0,0,0,0,0,0,0,0,0,0,0,0,0,0,0,0,0,0,0,0,0,0,0,0,0,0,0,0,0,0,0,0,0,0,0,0,0,0,0,0,0,0,0,0,0,0,0,2,0,0,0,0,0,0,0,0,0,0,0,0,0,0,2,0,0,0,0,0,0,0,0,0,0,0,0,0,0,0,0,0,0,0,0,0,6,0,5,0,1,0,0,0,0,0,0,0,0,0,0,0,0,0,1,0,0,0,0,0,0,0,2,0,0,0,0,1,0,0,0,0,0,0,0,0,0,0,0,0,0,0,0,0,0,0,0,0,0,0,9,0,0,0,0,0,2,0,0,1,0,0,0,0,0,0,0,0,6,0,0,0,0,0,0,0,0,0,0,0,0,0,0,0,0,0,0,0,0,4,0,0,0,0,0,0,0,0,0,0,0,0,0,0,0,0,0,0,3,0,0,0,0,0,0,0,0,0,0,0,0,0,0,0,0,0,0,0,0,0,0,0,0,0,0,0,0,0,0,0,0,0,0,0,0,0,0,0,0,0,0,0,4,0,0,0,0,0,0,0,0,0,0,0,0,0,0,0,0,0,0,0,0,0,0,0,0,0,0,0,0,0,0,0,0,0,0,0,0,0,0,0,0,0,0,0,1,0,0,0,0,0,0,0,0,0,0,0,0,0,0,0,0,0,0,0,0,0,0,0,0,0,0,0,0,0,0,0,0,0,0,0,2,0,0,0,1,4,0,0,0,6,0,0,0,0,0,0,0,0,0,0,0,0,0,0,0,7,0,0,0,0,0,0,0,0,0,0,0,0,0,0,0,0
Christina Pickard,0,0,0,0,0,0,0,0,0,0,0,0,0,0,0,0,0,0,0,0,0,0,0,0,0,0,0,0,0,0,0,0,0,0,0,0,0,0,0,0,0,0,0,0,0,0,0,0,0,0,0,0,0,0,0,0,0,0,0,0,0,0,0,0,0,0,0,0,0,0,0,0,0,0,0,0,0,0,0,0,0,0,0,0,0,0,0,0,0,0,0,0,0,0,0,0,0,0,0,0,0,0,0,0,0,0,0,0,0,0,0,0,0,1,0,0,0,0,0,0,0,0,0,0,0,0,0,0,0,0,0,0,0,0,0,0,0,0,0,0,0,0,0,0,0,0,0,0,0,0,0,0,0,0,0,0,0,0,0,0,0,0,0,0,0,0,0,0,0,0,0,0,0,0,0,0,0,0,0,0,0,0,0,0,0,0,0,0,0,0,0,0,0,0,0,0,0,0,0,0,0,0,0,0,0,0,0,0,0,0,0,0,0,0,0,0,0,0,0,0,0,0,0,0,0,0,0,0,0,0,0,0,0,0,0,0,0,0,0,0,0,0,0,0,0,0,0,0,0,0,0,0,0,0,0,0,0,0,0,0,0,0,0,0,0,0,0,0,0,0,0,0,0,0,0,0,0,0,0,0,0,0,0,0,0,0,0,0,0,0,0,0,0,0,0,0,0,0,0,0,0,0,0,0,0,0,0,0,0,0,0,0,0,0,0,0,0,0,0,0,0,0,0,0,0,0,0,0,0,0,0,0,0,0,0,0,0,0,0,0,0,0,0,0,0,0,0,0,0,0,0,0,0,0,0,0,0,0,0,0,0,0,0,0,0,0,0,0,0,0,0,0,0,0,0,0,0,0,0,0,0,0,0,0,0,0,0,0,0,0,0,0,0,0,0,0,0,0,0,0,0,0,0,0,0,0,0,0,0,0,0,0,1,0,1,0,0,0,0,0,0,0,0,0,0,0,0,0,0,0,0,0,0,0,0,0,0,0,0,0,0,0,0,0,0,0,0,0,0,0,0,0,0,0,0,0,0,0,0,0,0,0,0,0,0,0,0,0,0,0,0,0,0,0,0,0,0,0,0,0,0,0,0,0,0,1,0,0,0,0,0,0,0,0,0,0,0,0,0,0,0,0,0,0,0,0,1,0,0,0,0,0,0,0,0,0,0,0,0,0,0,0,0,1,0,0,0,0,0,0,0,0,0,0,0,0,0,0,0,0,0,0,0,0,0,0,0,0,0,0,0,0,0,0,0,0,0,0,0,0,0,0,0,0,0,0,0,0,0,0,0,0,0,0,0,0,0,0,0,0,0,0,0,0,0,0,0,0,0,0,0,0,0,0,0,0,0,0,0,0,0,0,0,0,0,0,0,0,0,0,0,0,0,0,0,0,0,0,0,0,0,0,0,0,0,0,0,0,0,0,0,0,0,0,0,0,0,0,0,0,0,0,0,0,0,0,0,0,0,0,0,0,0,0,0,0,0,0,0,0,0,0,0,0,0,0,0,0,0,0
Fiona Adams,0,0,0,0,0,0,0,0,0,0,0,0,0,0,0,0,0,0,0,0,0,0,0,0,0,0,0,0,0,0,0,0,0,0,0,0,0,0,0,0,0,0,0,0,0,0,0,0,0,0,0,0,0,0,0,1,0,0,0,0,0,0,0,4,0,0,0,0,1,0,0,0,6,0,0,0,0,0,0,1,0,0,0,0,0,0,0,0,0,0,0,0,0,0,0,0,0,0,0,0,0,0,0,0,0,0,0,0,0,0,0,0,0,1,0,0,0,0,0,0,0,0,0,0,0,0,0,0,0,0,0,0,0,0,0,0,0,0,0,0,0,0,0,0,0,0,0,0,0,0,0,0,0,0,0,0,0,0,0,0,0,0,0,0,0,0,0,0,0,0,0,0,0,0,0,0,0,0,0,0,0,0,0,0,0,0,0,0,0,0,0,0,0,0,0,0,0,0,0,0,0,0,0,0,0,0,0,0,0,0,0,0,0,0,0,0,0,0,0,0,0,0,0,0,0,0,0,0,0,0,0,0,0,0,0,0,0,0,0,0,0,0,0,0,0,0,0,0,0,0,0,0,0,0,0,0,0,0,0,0,0,3,0,0,0,0,0,0,0,0,0,0,0,0,0,0,0,0,0,0,0,0,0,0,0,0,0,0,0,0,0,0,0,0,0,0,0,0,0,0,0,0,0,0,0,0,0,2,0,0,0,0,0,0,0,0,0,0,0,0,0,0,0,0,0,0,0,0,0,0,0,0,0,0,0,0,0,0,0,0,0,0,0,0,0,0,0,0,0,0,0,0,0,0,0,0,0,0,0,0,0,0,0,0,0,0,0,0,0,0,0,0,0,0,0,0,0,0,0,0,0,0,0,0,0,0,0,0,0,0,0,0,0,0,0,0,0,0,0,0,0,0,0,0,0,0,0,0,0,0,0,0,0,0,0,0,0,0,0,0,0,0,0,0,0,0,0,0,0,0,0,0,0,0,0,0,0,0,0,0,0,0,0,0,0,0,1,0,0,0,0,0,0,0,0,0,0,0,0,0,0,0,0,0,0,0,0,0,0,0,0,0,0,0,0,0,0,0,0,0,0,0,0,0,0,0,0,0,0,0,0,0,0,0,0,0,0,0,0,0,0,0,0,0,0,0,0,0,0,0,0,0,0,0,0,0,0,0,0,0,0,0,0,7,0,0,0,0,0,0,0,0,0,0,0,0,0,0,0,0,0,0,0,0,0,0,0,0,0,0,0,0,0,0,0,0,0,0,0,0,0,0,0,0,0,0,0,0,0,0,0,0,0,0,0,0,0,0,0,0,0,0,0,0,0,0,0,0,0,0,0,0,0,0,0,0,0,0,0,0,0,0,0,0,0,0,0,0,0,0,0,0,0,0,0,0,0,0,0,0,0,0,0,0,0,0,0,0,0,0,0,0,0,0,0,0,0,0,0,0,0,0,0,0,0,0,0,0,0,0,0,0,0,0,0,0,0,0,0,0,0,0,0,0,0,0,0,0,0,0
Jeff Jenssen,0,0,0,0,0,0,0,0,0,0,0,0,0,0,0,0,0,0,0,0,0,0,0,0,0,0,0,0,0,0,0,1,0,0,4,0,0,0,0,0,0,0,1,0,0,0,0,1,1,0,1,0,0,0,0,8,0,0,0,0,0,0,0,5,0,0,0,0,0,0,1,0,35,0,0,0,0,1,0,0,0,1,0,0,0,0,0,0,0,0,0,0,0,0,0,0,0,0,0,0,0,0,0,0,0,0,0,0,0,0,0,0,0,29,0,0,0,0,0,0,0,0,1,0,0,0,0,0,0,0,0,0,0,0,0,0,0,0,0,0,0,0,0,1,0,0,0,0,0,0,0,0,0,0,0,0,0,0,0,0,0,0,2,4,3,0,0,0,0,1,0,0,0,0,0,46,0,0,0,0,1,0,0,0,0,0,0,0,0,0,0,0,0,2,0,0,0,0,0,0,1,0,0,0,0,0,0,0,0,0,0,0,0,0,0,0,0,0,0,0,0,2,0,0,0,0,0,0,0,0,0,2,0,0,0,0,7,0,0,0,0,0,0,0,0,0,0,0,0,0,0,0,0,0,0,0,0,0,0,0,0,1,0,0,0,0,0,0,0,0,0,0,0,0,4,0,0,1,0,0,0,0,0,0,0,0,0,0,0,0,0,0,0,0,0,0,0,0,0,0,0,5,0,3,0,0,0,21,0,0,1,1,0,0,0,1,0,0,0,0,0,0,0,0,0,0,0,0,1,0,0,0,0,0,0,5,0,0,0,0,0,0,0,0,0,0,9,0,0,0,1,0,0,0,0,1,0,0,0,0,0,0,0,0,0,0,0,0,0,0,0,0,0,0,0,0,0,0,0,0,0,0,0,0,0,0,0,0,0,0,0,0,0,0,0,0,0,0,0,0,0,0,0,0,0,0,0,0,14,0,6,0,0,0,30,1,0,0,0,0,0,7,0,0,0,0,0,0,2,4,0,0,0,0,0,0,0,0,0,0,0,0,0,2,0,3,60,1,0,0,7,0,14,0,0,1,0,0,0,0,0,0,0,0,8,0,0,0,0,0,0,0,0,0,1,0,0,0,0,0,0,0,1,0,2,27,0,0,0,0,0,0,0,0,1,0,0,0,0,0,0,0,0,0,0,0,1,0,0,0,0,0,0,0,0,0,0,0,0,0,0,0,0,7,0,1,0,0,0,5,0,0,0,0,0,0,0,0,0,0,0,0,0,0,0,0,1,2,0,0,0,0,0,0,0,0,0,0,0,0,0,0,0,5,0,0,0,0,0,0,0,0,0,0,0,0,0,0,0,0,0,0,0,0,0,0,6,0,0,0,0,0,0,0,0,0,0,0,4,0,0,0,0,0,0,0,0,0,0,0,0,2,0,0,0,0,0,0,0,0,0,0,0,0,0,0,0,0,0,0,0,0,0,0,0,0,0,3,0,0,0,0,0,0,0,1,0,0,0,1,2,0,0,38,0,0,0,0,0,0,0,0,0,0,0,0,1,1,0,1
Jim Gordon,0,0,5,0,0,0,0,13,0,0,0,1,0,0,0,0,0,0,0,0,0,0,0,0,4,0,0,0,0,0,0,0,0,0,0,0,0,0,0,0,99,0,0,0,0,2,0,0,0,0,0,0,0,0,0,29,0,0,0,0,0,0,0,38,0,0,0,0,0,2,0,0,399,0,0,0,0,0,0,0,0,0,0,0,1,0,0,0,0,0,4,0,0,12,0,0,0,2,0,0,0,0,0,0,0,0,0,0,0,0,0,6,4,421,0,0,0,0,0,0,0,0,0,0,20,0,0,4,0,0,8,1,1,0,1,0,0,0,0,0,0,0,0,0,0,6,0,0,0,0,0,1,0,0,0,0,0,0,0,0,0,0,0,0,0,5,0,0,0,0,0,0,0,0,2,0,3,0,0,0,0,0,1,0,0,0,0,0,0,0,0,0,0,32,0,0,0,0,6,0,0,0,0,0,0,36,12,0,0,0,0,0,0,2,0,0,0,0,0,1,0,0,0,0,0,0,0,0,0,0,0,0,0,0,0,0,0,1,0,0,0,0,0,0,0,0,0,0,0,0,0,0,0,0,0,0,0,0,0,0,0,38,0,0,0,0,0,0,0,0,0,0,0,0,0,1,0,0,0,0,0,0,0,0,0,0,0,0,0,2,1,0,0,0,0,0,0,0,0,0,0,0,0,0,0,0,6,109,0,0,0,0,0,0,0,0,0,0,0,0,0,0,1,0,0,0,0,3,0,0,0,0,0,0,0,24,0,0,0,0,32,0,0,0,0,0,5,3,1,7,1,0,0,0,0,0,0,0,0,0,0,2,0,0,0,0,1,0,0,0,0,0,0,0,0,0,6,0,0,0,0,0,1,0,0,0,0,0,0,0,0,0,0,0,12,136,1,0,0,2,0,0,0,0,7,0,0,0,81,0,36,0,2,0,560,0,0,0,0,0,0,0,0,8,0,0,0,0,0,0,0,0,0,24,0,0,0,0,0,0,0,0,0,0,0,0,430,1,71,3,0,0,31,0,0,0,0,0,0,0,0,1,2,0,121,0,0,0,12,1,1,0,0,0,0,0,0,55,0,0,1,0,0,0,0,221,0,0,0,0,1,0,0,0,0,0,0,0,0,0,0,0,0,0,0,0,2,0,0,0,0,0,0,0,0,0,0,0,0,0,0,0,2,90,0,0,0,0,2,139,0,0,0,0,0,1,0,0,0,0,0,0,0,0,0,10,0,0,10,0,0,0,0,37,0,0,0,0,0,0,0,0,0,0,6,0,0,0,0,0,0,0,0,0,1,0,0,0,0,0,0,0,0,0,0,2,0,0,0,0,0,4,0,0,3,0,0,0,0,0,0,0,0,0,0,0,0,0,0,0,0,0,0,0,0,0,0,0,0,0,2,0,0,5,0,0,0,0,11,0,0,0,0,0,0,0,0,70,0,0,0,0,1,0,0,0,0,0,0,0,0,0,0,95,0,0,0,0,0,0,0,0,0,0,0,434,0,0,0,0
Joe Czerwinski,0,0,0,0,0,0,0,0,0,0,0,0,0,0,0,0,2,0,0,0,0,0,0,1,0,0,0,0,0,0,0,0,0,0,0,0,0,0,0,0,0,0,0,0,0,0,0,0,0,0,0,0,0,0,0,69,2,0,0,0,0,0,3,1,0,0,0,0,0,6,0,0,263,0,0,0,0,14,2,1,11,1,0,0,1,0,0,0,0,0,0,0,0,0,0,0,0,0,0,0,0,0,0,0,0,0,0,0,0,0,0,13,0,456,0,2,0,0,0,0,3,0,0,0,3,0,0,0,0,0,0,1,0,0,0,0,0,0,0,0,0,0,0,0,0,0,0,0,0,0,2,0,0,0,0,0,0,0,0,0,0,0,0,0,0,0,0,0,0,0,0,0,0,0,0,0,25,0,0,0,0,1,0,0,0,0,0,0,0,0,0,0,0,14,1,0,0,0,0,0,0,0,0,0,0,75,0,0,0,0,0,1,4,17,0,0,0,0,0,5,0,0,0,0,0,0,0,0,0,0,2,0,0,0,0,0,0,0,0,0,0,0,0,0,0,0,0,0,0,0,1,0,0,0,0,0,0,0,0,0,0,6,0,0,0,0,0,0,0,0,0,0,0,0,0,0,0,1,0,0,0,0,0,0,0,0,0,0,0,25,4,0,0,0,6,0,0,0,0,0,0,0,0,0,0,0,0,42,0,2,1,0,1,3,0,0,0,0,0,0,0,0,0,0,0,0,0,0,0,0,0,0,0,0,0,11,0,0,0,0,8,1,0,0,6,0,22,0,1,0,1,1,0,0,0,0,2,1,0,0,0,0,0,0,0,0,0,0,0,0,0,0,0,0,0,0,0,0,0,0,0,0,0,0,0,0,0,0,0,0,0,0,0,0,1,7,0,0,0,0,0,0,0,4,5,0,0,0,64,0,78,0,0,0,636,0,0,0,0,0,0,0,0,2,3,0,0,0,0,0,0,0,0,0,0,0,0,0,0,0,0,0,0,0,0,0,85,0,491,171,0,3,525,0,0,0,0,0,0,0,0,0,0,0,239,0,0,0,12,1,0,0,0,0,0,0,0,4,0,0,0,0,0,0,3,530,0,0,0,0,20,0,0,0,0,2,0,1,0,0,0,1,11,0,0,0,562,3,23,14,2,2,1,0,33,0,0,9,1,0,0,0,0,45,9,0,0,0,0,202,0,1,0,0,0,10,0,0,0,0,0,0,0,3,0,20,0,0,0,0,0,0,0,2,0,0,0,0,0,0,0,0,0,0,0,0,0,0,0,0,0,0,0,0,0,0,0,0,0,0,0,0,0,0,4,0,0,7,1,0,0,0,0,0,2,0,0,1,1,0,0,0,0,0,0,0,0,0,0,0,0,0,0,0,0,0,0,0,0,0,0,0,0,5,0,0,0,0,3,0,0,0,0,4,2,0,0,73,0,0,0,1,0,0,0,0,0,0,0,0,0,1,0,50,0,0,0,0,0,0,0,0,0,0,0,3,0,0,0,0
Kerin O’Keefe,0,0,178,0,0,16,1,0,2,0,2,0,0,0,0,0,0,0,0,0,0,0,0,0,52,1,0,0,0,0,0,0,0,0,0,0,0,0,0,0,245,0,0,0,0,0,0,0,0,0,0,0,0,0,0,0,0,2,0,0,0,3,0,12,0,0,0,0,0,0,0,0,32,0,0,0,0,0,0,0,0,0,0,0,0,0,2,19,1,0,0,0,0,0,8,0,0,0,0,0,29,2,0,1,14,0,1,0,0,2,0,0,0,123,0,0,0,0,0,0,0,0,0,0,0,0,0,0,0,2,0,0,0,8,0,0,0,1,32,7,0,0,0,0,0,47,0,0,0,9,0,0,0,0,0,0,3,0,45,1,0,0,0,0,0,91,0,0,1,0,26,1,83,0,0,0,0,7,0,0,0,164,0,0,0,0,0,0,0,0,0,0,0,16,0,351,0,0,0,0,0,2,4,80,2,0,0,0,0,0,0,0,0,0,89,0,0,0,0,2,0,0,3,9,13,0,0,0,0,0,0,0,0,0,0,0,0,21,0,0,0,0,59,17,18,3,19,0,0,0,0,0,0,0,0,0,0,3,0,0,0,0,0,0,0,0,0,0,0,0,0,0,0,1,11,0,0,0,3,2,0,0,0,3,1,0,0,0,0,0,0,0,0,1,0,0,0,0,0,0,0,0,0,0,0,0,0,56,0,0,0,0,0,0,0,0,0,0,0,0,0,1,0,0,0,0,2,81,0,0,0,0,0,0,0,51,3,2,0,0,0,0,0,0,0,0,0,0,0,0,0,0,0,0,0,0,0,19,0,5,2,1930,0,36,5,83,190,9,0,0,0,7,3,0,0,0,0,0,0,0,5,5,0,0,0,0,11,0,24,0,5,0,2,0,6,0,0,0,4,0,12,1,0,84,0,0,0,0,234,0,0,0,0,133,0,0,0,0,0,0,0,0,0,0,0,0,0,0,0,0,0,0,0,42,6,0,0,0,0,1,0,1,0,0,2,0,2507,4,0,0,47,0,14,0,0,0,0,0,0,0,0,0,74,0,8,0,0,0,0,0,0,2,2,0,0,0,72,1584,0,0,0,0,0,0,192,5,0,0,0,0,0,0,0,0,0,0,0,0,23,0,0,0,0,0,0,0,0,0,0,0,0,0,0,0,0,0,0,0,0,0,2,0,0,211,0,0,1,9,0,53,0,0,0,0,0,0,0,0,0,0,0,0,0,0,0,0,0,0,0,0,0,0,0,6,0,0,0,0,0,0,0,0,0,0,10,1,0,0,5,0,0,0,0,0,0,0,0,0,0,0,0,0,0,0,0,0,0,0,0,2,0,0,0,0,0,0,0,0,4,0,17,7,0,0,0,0,0,0,0,0,156,0,0,0,6,2,0,0,4,1,0,0,0,0,132,0,0,1,62,95,2,0,0,0,0,0,0,7,0,0,0,0,0,0,0,0,0,0,0,0,0,0,0,357,0,0,0,0,0,0,0,0,17,0,0,0,0,0,0,0
Lauren Buzzeo,0,0,0,0,0,0,0,0,0,0,0,0,0,0,0,0,0,0,0,2,0,0,2,0,0,0,0,0,0,0,0,0,0,0,0,0,0,0,0,0,3,0,0,0,0,0,0,0,0,0,0,0,0,0,0,86,2,0,0,0,0,1,4,8,0,0,0,0,0,2,0,0,140,0,0,0,0,7,1,0,9,1,0,0,0,0,0,0,0,0,6,1,3,0,0,0,0,0,0,0,0,0,0,0,0,0,0,0,0,0,0,5,0,197,0,0,0,0,0,0,0,4,0,0,161,0,5,1,0,0,5,1,0,0,0,0,0,0,0,0,0,0,0,0,0,0,0,0,0,0,0,0,0,0,0,0,0,0,0,0,0,0,0,0,0,0,0,0,0,0,0,0,0,0,0,0,6,0,1,0,0,0,0,0,0,0,0,0,0,0,0,0,0,7,0,0,0,0,0,0,0,0,0,0,0,9,2,0,1,1,2,0,0,5,0,0,0,0,0,0,0,0,0,0,0,0,0,0,0,0,0,0,0,0,0,0,0,0,0,0,0,0,0,0,0,0,0,0,0,0,0,0,0,0,0,0,0,0,0,0,0,2,0,0,0,0,0,0,0,0,0,0,0,0,0,0,0,0,0,0,0,0,0,0,0,0,0,0,0,0,1,0,1,0,0,0,2,0,0,0,0,0,0,0,0,0,0,56,1,0,1,3,0,0,1,0,0,0,0,0,0,0,0,0,0,0,0,0,0,0,0,0,0,0,0,6,0,0,0,0,1,0,0,0,0,0,9,0,1,0,0,0,0,0,0,0,0,0,0,0,0,0,0,0,0,0,0,0,0,0,0,0,0,0,0,0,0,0,0,0,0,0,0,0,0,0,0,0,0,0,0,0,0,0,0,1,0,0,0,9,0,0,0,0,1,0,0,0,0,0,0,0,0,0,61,0,0,0,92,1,0,0,0,0,1,0,0,0,0,0,0,0,0,0,0,0,0,0,0,0,0,0,0,0,0,0,116,0,172,20,0,0,5,0,0,0,0,0,0,0,0,0,0,0,176,0,0,0,3,1,0,0,0,0,0,0,0,0,0,0,0,0,0,0,0,145,0,0,2,0,2,0,0,0,0,0,0,0,0,0,0,0,2,0,0,0,59,0,4,0,0,1,0,0,0,0,0,0,0,0,0,0,0,18,0,0,0,0,0,53,0,1,0,1,3,5,0,0,0,5,0,0,0,4,0,5,0,0,0,0,0,0,0,3,0,0,0,0,0,0,0,0,0,0,0,0,0,0,0,0,1,0,0,0,0,0,0,0,0,0,0,0,0,0,0,0,0,0,0,0,0,0,0,0,0,0,0,0,0,0,0,0,0,0,0,0,0,0,0,0,0,0,0,0,0,0,0,0,0,0,0,0,0,0,0,0,0,0,0,0,0,0,0,0,0,0,0,27,0,0,1,0,0,0,0,0,0,0,0,0,0,0,0,57,0,1,0,0,0,0,0,0,0,0,0,0,0,0,0,0
Matt Kettmann,0,0,3,0,0,0,0,41,0,0,0,2,1,0,0,0,1,0,0,0,0,0,0,0,2,0,0,0,0,0,0,0,0,0,0,0,0,0,0,0,15,0,0,0,0,0,0,0,0,0,0,2,0,0,0,142,4,0,0,0,0,0,0,56,0,0,0,0,3,0,0,1,454,0,1,0,1,3,0,2,0,13,0,0,0,0,0,0,0,0,1,0,0,7,0,0,0,0,0,0,0,0,0,0,0,0,0,0,0,0,0,1,3,924,0,0,0,0,0,0,0,0,0,0,13,0,0,0,0,0,2,0,2,0,0,0,0,0,0,0,2,0,0,0,0,3,4,0,0,0,0,0,0,0,0,0,0,0,2,0,0,0,0,0,0,2,0,0,0,0,0,0,0,0,0,0,55,0,0,0,0,0,1,0,0,0,0,0,0,0,0,0,0,16,0,0,0,0,0,0,0,0,0,0,0,167,47,1,0,2,0,0,0,11,0,0,0,0,0,13,0,0,0,0,0,0,0,0,0,0,0,0,0,0,0,0,0,0,0,0,0,0,2,0,0,0,0,0,0,0,0,0,0,0,0,0,0,0,0,0,0,39,0,0,0,0,0,0,0,0,1,0,0,0,0,4,0,0,0,0,0,0,0,0,0,0,0,0,0,9,0,0,0,0,0,0,0,0,0,0,0,0,0,0,0,0,31,120,0,0,0,3,0,0,0,0,0,0,0,0,6,0,1,0,0,0,0,6,0,0,0,0,0,0,0,2,0,0,0,0,47,1,0,0,0,0,2,0,0,2,1,1,0,0,1,0,0,0,0,0,0,20,1,1,0,0,0,0,0,0,0,0,0,0,0,0,2,0,0,0,0,0,0,0,0,0,0,0,0,0,0,0,0,0,24,100,0,0,0,2,0,0,0,0,14,0,0,0,33,0,33,0,0,0,1570,0,0,0,0,0,0,0,0,5,0,0,0,0,0,0,0,0,0,12,0,0,0,0,0,0,0,0,0,0,0,0,337,0,233,89,0,0,75,0,0,0,0,0,0,0,0,0,0,0,122,0,0,0,29,0,3,0,0,0,0,0,0,54,2,0,1,2,0,0,0,233,0,0,0,0,2,0,0,0,0,0,0,0,0,0,0,0,1,0,0,1,0,0,0,0,0,0,0,0,0,0,0,0,0,0,0,0,0,43,0,0,0,0,0,535,0,2,0,15,0,9,0,0,1,4,1,2,0,0,0,2,0,0,11,0,0,0,1,28,0,1,0,0,0,0,0,0,0,0,3,0,0,0,0,0,0,0,0,0,0,0,0,0,0,0,0,0,0,0,0,1,0,0,0,0,0,0,0,0,0,0,0,0,0,0,0,0,0,0,0,0,0,0,0,0,0,0,3,0,0,0,2,0,0,0,0,0,0,4,0,0,0,0,10,0,0,0,0,0,0,0,0,119,2,0,2,0,0,0,0,0,0,0,0,0,0,0,0,50,0,0,0,0,0,0,0,0,0,0,0,175,0,0,0,0
Michael Schachner,0,0,0,0,3,0,0,343,0,0,0,1,0,0,0,0,0,0,0,0,0,0,0,0,0,0,0,0,0,0,0,0,0,0,0,1,0,0,0,0,1,0,0,0,0,1,0,0,0,0,0,0,23,1,105,139,1,0,0,0,0,0,40,108,3,2,0,4,0,0,0,0,1358,0,7,42,15,33,0,0,4,30,14,1,0,1,0,0,0,0,57,6,0,0,0,5,2,517,8,7,0,0,0,0,0,0,0,0,0,0,0,21,0,877,0,0,0,0,2,1,1,12,0,0,5,5,0,0,0,0,5,0,0,0,0,0,0,0,0,0,0,0,0,0,0,0,0,1,0,0,0,0,0,0,0,0,0,0,0,0,0,0,0,0,0,0,0,1,0,0,0,0,0,0,0,0,0,0,0,0,0,0,310,37,2,8,1,1,3,13,6,0,0,21,0,0,81,0,30,0,0,0,0,0,0,25,6,6,0,0,10,0,0,3,0,0,0,0,0,0,17,0,0,0,0,0,0,0,1,0,0,0,0,0,0,0,0,0,0,0,0,0,0,0,0,0,0,0,3,0,0,0,23,4,1,0,0,0,0,0,0,1652,2,5,3,10,57,1,8,4,18,3,2,1,6,0,0,0,0,0,3,0,0,0,0,0,0,0,0,1,0,0,0,0,1,6,0,0,0,0,0,0,4,0,0,178,0,324,0,1,1,6,0,0,0,0,0,1,1,0,0,0,138,2,21,0,0,0,0,0,0,40,0,0,3,30,0,0,0,0,1,0,0,0,0,0,13,0,0,0,0,1,1,3,0,0,0,1,0,0,0,9,0,0,0,0,0,0,0,0,0,0,0,0,0,0,0,0,0,0,0,0,17,14,0,1,0,1,0,42,0,0,0,0,26,6,2,1,0,0,0,0,0,0,0,0,0,0,33,0,14,0,0,0,524,0,1,0,0,0,0,0,0,9,0,0,0,0,0,0,0,1,15,0,0,0,0,0,0,0,0,0,0,0,0,0,1496,0,3,1,0,0,27,0,0,0,0,0,0,0,0,75,0,0,237,0,0,0,0,0,0,0,0,2,0,0,0,57,0,1,0,0,0,0,5,794,0,2,1,0,2,4,10,0,0,0,0,0,0,0,0,0,0,0,0,97,34,0,3,0,1,0,0,2,0,0,0,0,0,0,0,0,0,548,0,0,0,0,0,366,1,4,1,6,1,6,0,1,2,1,2,0,1,3,0,14,0,0,66,0,2,6,1,1439,9,577,51,30,1,7,8,1,1,0,0,0,0,0,0,0,0,0,11,0,0,0,0,0,163,2,3,100,1,18,1,0,0,0,0,0,1,245,0,0,0,1,0,0,0,0,1,0,3,10,0,0,1,0,0,0,0,0,0,0,0,0,0,0,0,0,288,5,22,0,0,1,1,0,1,1,0,1,0,0,0,0,0,46,5,0,0,0,0,0,0,0,106,13,2,0,0,0,0,356,0,0,20,0,0,0,0,0,0,0,0,0,0,0,0,0
Mike DeSimone,0,0,0,0,0,0,0,0,0,0,0,0,0,0,0,0,0,0,0,0,0,0,1,0,0,0,0,0,0,0,0,0,0,0,0,0,0,0,0,0,0,0,0,0,0,0,0,0,0,0,0,0,0,0,0,27,0,0,4,0,0,0,2,3,1,0,0,0,0,1,0,0,66,1,1,0,0,7,0,0,1,0,0,0,0,0,0,0,0,0,4,0,0,0,0,0,0,0,0,0,0,0,0,0,0,0,0,0,0,0,0,0,0,23,0,0,0,0,1,3,0,0,0,0,4,0,0,0,2,0,0,0,0,0,0,0,0,0,0,0,0,0,0,0,0,0,0,0,0,0,0,0,0,0,4,0,0,0,0,0,0,0,0,0,0,0,0,0,0,0,0,0,0,0,1,0,0,0,0,0,0,0,0,0,0,0,0,0,0,0,0,0,0,0,0,0,0,0,0,0,0,0,0,0,0,0,0,0,0,0,0,0,0,0,0,0,0,0,0,0,0,0,0,0,0,0,0,0,0,0,0,0,15,1,1,1,0,0,1,6,0,1,0,0,0,0,0,0,0,0,0,0,0,0,0,0,0,0,0,0,0,0,0,0,0,0,0,0,0,0,0,0,0,0,0,0,0,0,0,0,0,0,0,0,0,3,0,0,0,0,0,0,3,0,0,0,0,0,0,0,0,0,0,0,0,0,0,19,0,0,0,0,0,0,0,0,0,0,0,1,0,0,0,0,0,0,0,0,0,0,0,0,0,0,0,2,0,0,0,0,0,0,4,0,0,0,0,0,0,0,0,0,0,0,0,0,0,0,7,0,0,0,0,0,0,0,0,0,0,0,0,0,0,1,6,0,0,0,2,1,0,0,0,0,3,0,0,0,0,0,0,0,0,0,2,8,0,0,0,0,0,0,0,0,0,0,0,0,0,0,1,0,0,0,3,0,0,0,0,0,0,0,0,0,0,0,0,0,0,0,0,0,0,0,0,0,0,0,0,0,0,0,0,0,0,0,91,0,5,2,0,0,1,0,0,14,0,0,0,0,0,0,0,0,15,0,0,0,0,1,0,0,0,0,0,0,0,1,0,0,0,0,26,1,0,14,0,0,0,0,1,0,0,0,0,0,0,0,0,0,0,0,0,0,0,0,22,0,0,0,0,0,0,0,0,0,0,0,0,0,0,0,0,1,0,0,0,0,0,23,0,0,0,2,0,1,0,0,2,4,0,0,0,0,0,0,0,0,0,0,0,0,0,0,0,0,0,0,0,0,0,0,0,0,0,0,0,0,0,0,0,0,0,0,0,0,0,0,0,0,0,0,0,0,0,0,0,0,0,0,0,0,0,0,0,0,0,0,0,0,0,0,0,0,0,0,0,0,0,1,0,0,0,0,0,0,0,0,0,0,0,0,0,0,0,0,0,0,0,0,0,0,0,0,0,0,0,4,0,0,0,0,0,0,0,0,0,0,0,0,0,0,0,29,0,0,0,0,0,0,2,0,0,0,0,0,0,0,2,0
Paul Gregutt,0,0,0,0,0,0,0,13,0,0,0,0,1,0,0,0,0,0,0,0,0,0,0,0,2,0,0,0,0,0,0,7,0,0,0,0,0,7,0,0,20,1,0,0,0,3,0,0,0,0,0,1,0,0,0,319,10,0,0,0,0,0,1,152,0,0,0,0,4,3,0,0,677,0,2,0,2,13,0,1,0,19,0,0,0,4,0,0,0,0,0,1,0,0,0,0,0,20,0,0,0,0,0,0,0,1,0,0,0,0,0,33,0,797,0,1,0,0,0,0,0,0,1,0,21,0,0,0,0,0,2,0,8,0,0,0,0,0,0,0,3,0,0,0,0,17,0,0,0,0,0,1,0,0,0,0,0,0,0,0,0,0,0,0,0,0,0,0,0,0,0,0,0,0,2,0,14,0,3,17,0,0,2,0,0,0,0,0,0,0,0,0,0,86,1,0,0,0,1,0,0,0,0,0,0,68,8,0,0,0,2,0,0,0,0,0,0,0,0,27,0,0,0,0,0,0,0,0,0,0,4,0,0,0,0,0,0,0,0,0,0,0,1,0,0,0,0,7,0,0,0,0,0,0,0,0,1,0,0,0,0,144,0,0,0,0,0,0,0,0,0,2,0,0,0,0,0,0,0,0,0,0,0,0,0,0,0,0,0,11,5,0,0,0,0,0,0,0,0,0,0,0,0,0,1,0,20,415,0,4,4,4,0,0,0,0,0,0,0,0,0,0,1,0,0,1,0,0,0,0,2,0,0,0,0,9,0,0,0,0,35,1,0,0,0,0,14,0,0,2,0,0,0,0,0,0,0,10,0,0,0,3,0,0,0,0,0,0,0,0,0,0,0,0,0,0,2,0,0,0,0,0,0,0,0,0,0,0,0,0,0,0,0,0,28,29,5,0,0,0,0,0,1,0,109,0,1,0,17,0,521,0,6,0,2721,0,2,1,1,0,0,0,0,2,0,0,0,0,0,0,0,0,0,10,0,1,0,0,0,0,0,0,0,0,0,0,576,0,80,33,0,0,491,0,0,0,0,0,0,0,0,0,0,0,119,0,0,0,27,0,2,0,0,0,0,0,0,95,1,0,0,0,0,0,0,167,0,0,0,0,13,0,0,0,0,0,0,0,0,0,0,2,5,0,0,0,2,0,0,0,0,0,0,0,0,0,1,0,0,0,0,0,0,39,0,0,0,0,0,695,0,2,0,5,0,7,0,0,0,1,0,1,0,0,0,28,0,0,7,0,0,0,0,119,0,0,1,2,0,0,0,1,0,0,0,0,0,0,0,1,0,0,0,0,0,0,0,0,0,0,0,0,0,0,0,0,0,0,0,0,0,0,0,0,2,1,0,0,0,0,0,0,0,0,0,0,0,0,0,0,0,0,0,0,0,0,0,0,0,0,0,0,0,0,0,0,0,0,2,0,0,0,3,0,0,0,0,174,0,2,0,1,3,0,0,0,0,0,0,0,0,0,0,107,0,4,0,0,0,0,0,0,0,0,0,151,0,2,0,0
Roger Voss,2,0,0,0,0,0,0,0,0,16,0,43,20,4,8,1,134,5,17,0,10,10,0,76,0,0,0,0,0,40,35,3,6,3,0,0,0,0,29,2,0,0,1,1,13,0,0,0,0,0,0,73,0,0,0,4710,1015,0,0,5,7,1,2,172,11,0,0,0,0,2,0,0,49,0,0,0,0,2,0,0,0,1,0,0,0,6,0,0,0,1,1,0,0,0,0,0,0,0,0,0,0,0,34,0,0,0,0,3,1,0,0,1166,0,2786,1,2,1,0,3,2,0,9,4,0,271,28,0,0,0,0,0,0,0,0,12,18,8,0,0,0,0,4,0,0,0,0,0,0,7,0,0,0,1,0,0,39,0,1,0,0,4,36,0,0,0,0,1,0,0,0,0,0,0,0,0,0,0,0,1019,2,0,2,0,0,0,0,0,0,0,0,0,15,0,245,1,0,0,2,0,4,0,0,0,0,0,3,1,0,0,0,0,0,0,0,0,3,25,1,51,409,0,0,0,0,0,0,0,24,6,1,0,0,0,0,0,0,0,0,0,0,0,0,0,0,0,0,0,0,0,9,28,1,0,0,0,2,0,0,0,0,0,446,1,0,0,1,0,0,82,0,0,11,0,0,1,0,2,0,0,0,0,0,4,0,0,0,2,1,0,0,0,0,0,0,0,0,5,0,0,0,0,0,0,0,279,0,0,107,0,1,1,6,0,2,0,1,3,0,0,0,0,0,0,0,0,12,0,0,0,0,0,17,2,6,0,2,0,0,0,0,5,0,0,1,4,0,11,0,0,0,0,0,0,0,0,7,0,2,0,0,0,0,15,0,0,0,0,0,0,2,0,0,0,0,0,1,0,0,0,0,0,0,0,0,0,0,0,0,0,0,0,1,36,1,10,0,3,0,0,0,0,0,5,7,122,3,0,0,14,0,185,0,18,0,1872,17,0,0,0,0,0,0,0,593,2462,16,65,1159,0,0,3,0,0,0,0,0,64,36,1,0,2,0,1,0,0,0,288,0,85,9,1,0,454,0,0,0,0,0,0,4,3,1,0,2,1803,2,1,9,3,0,0,0,0,0,0,2,0,24,0,0,0,0,0,0,2,985,0,6,0,1,1,0,2,1,0,20,0,8,0,0,5,0,1,1,0,0,3,0,0,0,0,0,0,0,0,0,0,0,0,12,0,8,0,202,0,28,0,14,0,59,0,0,0,0,0,0,0,0,2,0,0,0,0,0,4,10,0,0,59,31,14,5,4,0,0,0,0,0,0,0,0,0,0,0,0,0,1,0,0,0,4,2,0,3,0,3,1,11,0,0,0,0,0,0,3,0,0,0,0,0,0,0,0,7,179,17,28,0,13,0,0,0,0,0,26,0,5,0,0,0,0,0,0,9,0,0,0,0,0,0,0,0,0,36,0,0,0,0,25,0,0,0,0,0,0,0,4,24,5,0,0,0,0,5,1,0,0,0,0,0,0,8,12,255,1,0,0,0,0,0,0,0,0,4,0,0,0,71,0,0
Sean P. Sullivan,0,0,0,0,0,0,0,10,0,0,0,0,5,0,0,0,0,0,0,0,0,0,0,0,0,0,0,0,0,0,0,1,0,0,0,0,0,1,0,0,13,0,0,0,0,0,0,0,0,0,0,3,0,0,0,469,14,0,0,0,0,1,0,142,0,0,0,0,1,1,0,0,785,0,1,0,0,1,0,0,0,11,0,0,0,0,0,0,0,0,0,1,0,0,0,0,0,22,0,0,0,0,0,0,0,0,0,0,0,0,0,0,0,349,0,0,0,0,0,0,0,1,0,0,24,0,0,0,0,0,11,0,3,0,0,0,0,0,0,0,6,0,0,0,0,8,0,0,0,0,0,0,0,0,0,0,0,0,0,0,0,0,0,0,0,0,0,0,0,0,0,0,0,0,0,0,20,0,0,0,0,0,3,1,0,0,0,0,0,0,0,0,0,40,0,0,0,0,2,0,0,0,0,0,0,79,17,0,0,0,3,0,0,1,0,0,0,0,0,18,0,0,0,0,0,0,0,0,0,0,0,0,0,0,0,0,0,0,0,0,0,0,0,0,0,0,0,3,0,0,0,0,0,0,0,0,1,0,0,0,0,172,0,0,0,0,1,0,3,0,0,0,0,0,0,0,0,0,0,0,0,0,0,0,0,0,0,0,0,2,3,1,0,0,0,0,0,0,0,0,0,0,0,0,0,0,6,326,0,0,3,1,0,0,0,0,0,0,0,0,0,0,2,0,0,0,0,0,0,0,0,0,0,0,0,6,0,0,0,0,50,0,0,0,0,0,1,1,0,4,0,0,0,0,0,0,0,0,0,0,0,8,0,0,0,0,0,0,0,0,0,0,0,0,0,0,0,0,0,0,0,0,0,0,0,0,0,0,0,0,0,0,0,0,40,19,2,0,0,2,0,0,0,0,1,0,0,0,21,0,77,1,0,0,56,0,0,0,0,0,0,0,0,0,0,0,0,0,0,0,0,0,0,13,0,0,0,0,0,0,0,0,0,0,0,0,424,0,109,23,0,0,243,0,0,0,0,0,0,0,0,0,0,0,103,0,0,0,23,0,0,0,0,0,0,0,1,69,0,1,2,0,0,0,0,110,0,0,1,0,2,0,0,0,0,0,0,0,0,0,0,0,2,0,0,0,2,0,0,0,0,0,0,0,0,0,0,0,0,0,0,0,1,13,0,0,0,0,0,641,0,0,0,5,0,2,0,0,0,5,0,5,0,0,0,19,0,0,1,0,0,0,0,70,0,0,0,0,0,0,0,0,0,0,0,0,0,0,0,0,0,0,0,0,0,0,0,0,0,0,0,0,0,0,0,0,0,0,0,0,0,0,0,0,4,0,0,0,0,0,0,0,0,0,0,0,0,0,0,0,0,0,0,0,0,0,0,0,0,0,0,0,0,0,0,0,0,0,1,0,0,0,5,4,0,0,0,89,0,0,0,0,1,0,0,0,0,0,0,0,0,0,0,71,0,0,0,0,0,0,0,0,0,0,0,17,0,3,0,0
Susan Kostrzewa,0,63,0,1,0,0,0,0,0,0,0,0,0,0,0,0,0,0,0,0,0,0,0,0,0,0,43,18,1,0,0,0,0,0,0,0,0,0,0,0,0,0,0,0,0,0,0,0,0,0,0,0,0,0,0,34,0,0,0,0,0,0,3,23,0,0,0,0,0,2,0,0,67,1,1,0,0,10,0,0,0,1,0,0,0,0,0,0,0,0,0,0,0,0,0,0,0,0,0,0,0,0,0,0,0,0,0,0,0,0,2,3,0,105,0,0,0,0,0,0,0,0,0,0,22,0,1,0,0,0,0,0,0,0,0,0,0,0,0,0,0,0,1,0,0,0,0,0,0,0,0,0,0,0,0,0,0,0,0,0,0,0,0,0,0,0,0,0,0,0,0,0,0,0,0,1,0,0,0,0,0,0,0,0,0,0,0,0,0,0,0,0,0,10,1,0,0,0,0,0,0,0,0,0,0,1,0,0,0,0,0,0,0,0,0,0,0,0,0,0,0,0,0,0,0,0,0,0,0,0,0,0,0,0,0,0,2,0,0,0,1,0,0,0,0,0,0,0,0,0,0,0,0,0,0,0,0,0,12,4,1,0,0,0,0,0,0,0,0,0,0,0,0,0,1,0,0,0,0,0,0,2,0,0,0,0,0,0,0,0,0,0,0,0,0,0,0,5,1,1,1,1,0,0,0,0,4,31,0,0,0,4,0,0,0,0,0,0,0,0,0,0,0,0,0,0,0,0,0,0,0,0,0,0,0,0,0,0,36,1,1,0,0,0,0,0,9,1,0,0,0,0,2,0,0,1,0,0,0,0,0,2,0,0,0,0,0,0,0,0,0,0,0,0,0,0,0,0,0,0,0,0,0,0,0,0,0,0,0,0,0,0,0,0,0,0,0,0,0,0,0,0,0,0,0,0,0,0,3,0,10,0,0,0,11,0,0,0,28,0,0,0,2,0,0,0,0,0,0,0,0,0,0,0,0,0,0,0,0,0,0,0,0,0,0,0,116,0,2,0,0,0,34,0,0,0,4,4,1,0,0,0,0,0,28,0,0,0,0,0,0,0,0,0,0,0,0,0,0,0,0,0,0,0,1,60,1,0,0,0,0,0,0,0,0,0,5,0,0,0,0,0,0,0,0,0,31,0,0,0,0,0,0,0,0,1,0,0,0,0,0,0,0,2,0,0,0,0,0,19,0,0,0,0,0,0,0,0,0,0,0,0,0,0,0,1,0,0,1,0,0,0,0,1,0,0,0,0,0,0,0,0,0,0,0,0,0,1,0,0,0,0,0,0,0,0,0,0,0,0,0,0,0,0,0,0,8,0,0,0,0,0,0,0,0,0,0,0,3,0,0,0,0,0,0,0,0,0,1,0,0,0,0,0,0,0,0,0,0,0,0,0,0,0,0,0,0,0,0,0,0,0,0,10,4,4,0,15,0,0,0,0,0,0,0,0,0,0,0,0,1,0,0,96,0,0,0,1,33,2,0,0,0,0,0,0,1,0,0,0
Virginie Boone,1,0,6,0,0,0,0,17,0,0,0,2,0,0,0,1,0,0,0,0,0,0,0,0,4,0,0,0,0,0,0,0,0,0,0,0,0,0,0,0,49,0,0,0,0,1,0,0,0,0,0,0,0,0,0,241,0,0,0,0,0,0,12,118,0,0,0,0,2,0,0,0,1829,0,2,0,0,7,0,2,0,5,1,0,0,0,0,0,0,0,3,0,0,8,0,0,0,1,0,0,0,0,0,0,0,0,0,0,0,0,0,0,10,1429,0,0,0,0,0,0,3,2,0,0,25,0,0,4,0,0,7,0,10,0,8,0,0,0,0,0,0,0,0,0,0,3,0,0,0,0,0,0,0,0,0,0,0,0,0,0,0,0,0,0,0,1,0,0,0,0,0,0,0,0,23,0,15,0,0,0,0,0,3,0,0,0,0,0,0,0,0,0,0,29,0,0,0,0,4,0,0,0,0,0,0,58,12,2,0,0,0,3,0,4,0,0,0,0,0,6,0,0,0,0,0,0,0,0,0,0,0,0,0,0,0,0,0,0,0,0,0,0,1,0,0,0,0,0,0,0,0,0,0,0,0,0,0,0,0,0,0,65,0,0,0,0,0,0,0,0,0,0,0,0,0,1,0,0,0,0,0,0,0,0,0,0,0,0,0,3,2,0,0,0,0,0,0,0,0,0,0,0,0,0,0,0,51,332,0,1,1,3,0,0,0,0,0,0,0,0,1,0,2,0,0,0,0,4,0,0,0,0,0,0,0,19,1,0,0,0,13,0,0,0,0,2,4,3,0,5,0,0,0,0,0,0,0,0,0,0,0,5,0,0,0,0,1,0,0,0,0,0,0,0,0,0,0,0,0,0,0,0,0,0,0,0,0,0,0,0,0,0,0,0,33,193,1,0,0,2,0,0,0,0,12,0,0,1,25,0,46,0,6,0,1891,0,0,5,1,0,0,0,0,12,0,0,0,0,0,0,0,0,0,26,0,0,0,0,0,0,0,0,0,0,0,0,400,0,48,19,1,0,36,0,0,0,0,0,0,0,0,0,0,0,116,0,0,0,14,0,6,0,0,0,0,0,3,45,1,0,0,1,0,0,0,557,0,0,0,0,9,0,1,0,0,0,0,1,0,0,0,0,9,0,0,0,4,0,0,0,0,0,0,0,0,0,0,0,0,0,0,0,0,145,0,0,0,0,0,321,0,0,0,2,0,8,1,0,0,0,0,5,2,3,0,11,0,0,7,0,0,0,0,38,0,5,1,0,0,0,0,0,0,0,2,0,0,0,0,0,0,0,0,0,0,0,0,0,0,0,0,0,0,0,0,2,0,0,0,0,0,0,0,0,5,0,0,0,0,0,0,0,0,0,0,0,0,2,0,0,0,0,0,0,0,0,2,0,0,0,1,0,0,6,0,0,0,0,9,0,0,0,0,0,0,0,0,74,0,0,0,0,0,0,0,0,0,0,0,0,0,0,0,67,0,0,0,0,0,0,0,0,0,0,0,800,0,0,0,0
