variety,Alexander Peartree,Anna Lee C. Iijima,Anne Krebiehl MW,Carrie Dykes,Christina Pickard,Fiona Adams,Jeff Jenssen,Jim Gordon,Joe Czerwinski,Kerin O’Keefe,Lauren Buzzeo,Matt Kettmann,Michael Schachner,Mike DeSimone,Paul Gregutt,Roger Voss,Sean P. Sullivan,Susan Kostrzewa,Virginie Boone
Abouriou,0,0,0,0,0,0,0,0,0,0,0,0,0,0,0,2,0,0,1
Agiorgitiko,0,0,0,0,0,0,0,0,0,0,0,0,0,0,0,0,0,63,0
Aglianico,1,0,0,0,0,0,0,5,0,178,0,3,0,0,0,0,0,0,6
Aidani,0,0,0,0,0,0,0,0,0,0,0,0,0,0,0,0,0,1,0
Airen,0,0,0,0,0,0,0,0,0,0,0,0,3,0,0,0,0,0,0
Albana,0,0,0,0,0,0,0,0,0,16,0,0,0,0,0,0,0,0,0
Albanello,0,0,0,0,0,0,0,0,0,1,0,0,0,0,0,0,0,0,0
Albariño,3,3,0,1,0,0,0,13,0,0,0,41,343,0,13,0,10,0,17
Aleatico,0,0,0,0,0,0,0,0,0,2,0,0,0,0,0,0,0,0,0
Alfrocheiro,0,0,0,0,0,0,0,0,0,0,0,0,0,0,0,16,0,0,0
Alicante,0,0,0,0,0,0,0,0,0,2,0,0,0,0,0,0,0,0,0
Alicante Bouschet,0,0,0,0,0,0,0,1,0,0,0,2,1,0,0,43,0,0,2
Aligoté,0,0,0,0,0,0,0,0,0,0,0,1,0,0,1,20,5,0,0
Alsace white blend,0,0,43,0,0,0,0,0,0,0,0,0,0,0,0,4,0,0,0
Altesse,0,0,0,0,0,0,0,0,0,0,0,0,0,0,0,8,0,0,0
Alvarelhão,0,0,0,0,0,0,0,0,0,0,0,0,0,0,0,1,0,0,1
Alvarinho,0,0,0,0,0,0,0,0,2,0,0,1,0,0,0,134,0,0,0
Alvarinho-Chardonnay,0,0,0,0,0,0,0,0,0,0,0,0,0,0,0,5,0,0,0
Antão Vaz,0,0,0,0,0,0,0,0,0,0,0,0,0,0,0,17,0,0,0
Apple,0,0,0,0,0,0,0,0,0,0,2,0,0,0,0,0,0,0,0
Aragonez,0,0,0,0,0,0,0,0,0,0,0,0,0,0,0,10,0,0,0
Aragonês,0,0,0,0,0,0,0,0,0,0,0,0,0,0,0,10,0,0,0
Argaman,0,0,0,0,0,0,0,0,0,0,2,0,0,1,0,0,0,0,0
Arinto,0,0,0,0,0,0,0,0,1,0,0,0,0,0,0,76,0,0,0
Arneis,0,0,0,0,0,0,0,4,0,52,0,2,0,0,2,0,0,0,4
Asprinio,0,0,0,0,0,0,0,0,0,1,0,0,0,0,0,0,0,0,0
Assyrtico,0,0,0,0,0,0,0,0,0,0,0,0,0,0,0,0,0,43,0
Assyrtiko,0,0,0,0,0,0,0,0,0,0,0,0,0,0,0,0,0,18,0
Athiri,0,0,0,0,0,0,0,0,0,0,0,0,0,0,0,0,0,1,0
Austrian Red Blend,0,0,22,0,0,0,0,0,0,0,0,0,0,0,0,40,0,0,0
Austrian white blend,0,0,45,0,0,0,0,0,0,0,0,0,0,0,0,35,0,0,0
Auxerrois,3,2,10,0,0,0,1,0,0,0,0,0,0,0,7,3,1,0,0
Avesso,0,0,0,0,0,0,0,0,0,0,0,0,0,0,0,6,0,0,0
Azal,0,0,0,0,0,0,0,0,0,0,0,0,0,0,0,3,0,0,0
Babić,0,0,0,0,0,0,4,0,0,0,0,0,0,0,0,0,0,0,0
Babosa Negro,0,0,0,0,0,0,0,0,0,0,0,0,1,0,0,0,0,0,0
Bacchus,0,2,0,0,0,0,0,0,0,0,0,0,0,0,0,0,0,0,0
Baco Noir,0,8,0,0,0,0,0,0,0,0,0,0,0,0,7,0,1,0,0
Baga,0,0,0,0,0,0,0,0,0,0,0,0,0,0,0,29,0,0,0
Baga-Touriga Nacional,0,0,0,0,0,0,0,0,0,0,0,0,0,0,0,2,0,0,0
Barbera,2,3,0,0,0,0,0,99,0,245,3,15,1,0,20,0,13,0,49
Barbera-Nebbiolo,0,0,0,0,0,0,0,0,0,0,0,0,0,0,1,0,0,0,0
Bastardo,0,0,0,0,0,0,1,0,0,0,0,0,0,0,0,1,0,0,0
Biancu Gentile,0,0,0,0,0,0,0,0,0,0,0,0,0,0,0,1,0,0,0
Bical,0,0,0,0,0,0,0,0,0,0,0,0,0,0,0,13,0,0,0
Black Muscat,0,0,0,0,0,0,0,2,0,0,0,0,1,0,3,0,0,0,1
Blanc du Bois,6,0,0,0,0,0,0,0,0,0,0,0,0,0,0,0,0,0,0
Blatina,0,0,0,0,0,0,1,0,0,0,0,0,0,0,0,0,0,0,0
Blauburger,0,0,0,0,0,0,1,0,0,0,0,0,0,0,0,0,0,0,0
Blauburgunder,0,0,1,0,0,0,0,0,0,0,0,0,0,0,0,0,0,0,0
Blauer Portugieser,0,1,0,0,0,0,1,0,0,0,0,0,0,0,0,0,0,0,0
Blaufränkisch,0,12,141,0,0,0,0,0,0,0,0,2,0,0,1,73,3,0,0
Bobal,0,0,0,0,0,0,0,0,0,0,0,0,23,0,0,0,0,0,0
Bobal-Cabernet Sauvignon,0,0,0,0,0,0,0,0,0,0,0,0,1,0,0,0,0,0,0
Bonarda,0,0,0,0,0,0,0,0,0,0,0,0,105,0,0,0,0,0,0
Bordeaux-style Red Blend,17,79,0,20,0,1,8,29,69,0,86,142,139,27,319,4710,469,34,241
Bordeaux-style White Blend,0,0,0,0,0,0,0,0,2,0,2,4,1,0,10,1015,14,0,0
Bovale,0,0,0,0,0,0,0,0,0,2,0,0,0,0,0,0,0,0,0
Boğazkere,0,0,0,0,0,0,0,0,0,0,0,0,0,4,0,0,0,0,0
Braucol,0,0,0,0,0,0,0,0,0,0,0,0,0,0,0,5,0,0,0
Bual,0,0,0,0,0,0,0,0,0,0,0,0,0,0,0,7,0,0,0
Cabernet,0,0,0,0,0,0,0,0,0,3,1,0,0,0,0,1,1,0,0
Cabernet Blend,0,0,0,0,0,0,0,0,3,0,4,0,40,2,1,2,0,3,12
Cabernet Franc,43,226,1,15,0,4,5,38,1,12,8,56,108,3,152,172,142,23,118
Cabernet Franc-Cabernet Sauvignon,0,1,0,0,0,0,0,0,0,0,0,0,3,1,0,11,0,0,0
Cabernet Franc-Carmenère,0,0,0,0,0,0,0,0,0,0,0,0,2,0,0,0,0,0,0
Cabernet Franc-Lemberger,0,2,0,0,0,0,0,0,0,0,0,0,0,0,0,0,0,0,0
Cabernet Franc-Malbec,0,0,0,0,0,0,0,0,0,0,0,0,4,0,0,0,0,0,0
Cabernet Franc-Merlot,2,3,1,0,0,1,0,0,0,0,0,3,0,0,4,0,1,0,2
Cabernet Merlot,1,0,0,0,0,0,0,2,6,0,2,0,0,1,3,2,1,2,0
Cabernet Moravia,0,1,0,0,0,0,1,0,0,0,0,0,0,0,0,0,0,0,0
Cabernet Pfeffer,0,0,0,0,0,0,0,0,0,0,0,1,0,0,0,0,0,0,0
Cabernet Sauvignon,8,94,2,7,0,6,35,399,263,32,140,454,1358,66,677,49,785,67,1829
Cabernet Sauvignon Grenache,0,0,0,0,0,0,0,0,0,0,0,0,0,1,0,0,0,1,0
Cabernet Sauvignon-Cabernet Franc,0,0,0,0,0,0,0,0,0,0,0,1,7,1,2,0,1,1,2
Cabernet Sauvignon-Carmenère,0,0,0,0,0,0,0,0,0,0,0,0,42,0,0,0,0,0,0
Cabernet Sauvignon-Malbec,0,0,0,0,0,0,0,0,0,0,0,1,15,0,2,0,0,0,0
Cabernet Sauvignon-Merlot,0,3,0,0,0,0,1,0,14,0,7,3,33,7,13,2,1,10,7
Cabernet Sauvignon-Merlot-Shiraz,0,0,0,0,0,0,0,0,2,0,1,0,0,0,0,0,0,0,0
Cabernet Sauvignon-Sangiovese,0,0,0,0,0,1,0,0,1,0,0,2,0,0,1,0,0,0,2
Cabernet Sauvignon-Shiraz,0,0,0,0,0,0,0,0,11,0,9,0,4,1,0,0,0,0,0
Cabernet Sauvignon-Syrah,0,0,0,0,0,0,1,0,1,0,1,13,30,0,19,1,11,1,5
Cabernet Sauvignon-Tempranillo,0,0,0,0,0,0,0,0,0,0,0,0,14,0,0,0,0,0,1
Cabernet-Malbec,0,0,0,0,0,0,0,0,0,0,0,0,1,0,0,0,0,0,0
Cabernet-Shiraz,0,0,0,0,0,0,0,1,1,0,0,0,0,0,0,0,0,0,0
Cabernet-Syrah,0,2,0,0,0,0,0,0,0,0,0,0,1,0,4,6,0,0,0
Canaiolo,0,0,0,0,0,0,0,0,0,2,0,0,0,0,0,0,0,0,0
Cannonau,0,0,0,0,0,0,0,0,0,19,0,0,0,0,0,0,0,0,0
Caprettone,0,0,0,0,0,0,0,0,0,1,0,0,0,0,0,0,0,0,0
Carcajolu,0,0,0,0,0,0,0,0,0,0,0,0,0,0,0,1,0,0,0
Carignan,0,0,0,0,0,0,0,4,0,0,6,1,57,4,0,1,0,0,3
Carignan-Grenache,0,0,0,0,0,0,0,0,0,0,1,0,6,0,1,0,1,0,0
Carignan-Syrah,0,0,0,0,0,0,0,0,0,0,3,0,0,0,0,0,0,0,0
Carignane,0,0,0,0,0,0,0,12,0,0,0,7,0,0,0,0,0,0,8
Carignano,0,0,0,0,0,0,0,0,0,8,0,0,0,0,0,0,0,0,0
Carineña,0,0,0,0,0,0,0,0,0,0,0,0,5,0,0,0,0,0,0
Cariñena-Garnacha,0,0,0,0,0,0,0,0,0,0,0,0,2,0,0,0,0,0,0
Carmenère,1,2,0,1,0,0,0,2,0,0,0,0,517,0,20,0,22,0,1
Carmenère-Cabernet Sauvignon,0,0,0,0,0,0,0,0,0,0,0,0,8,0,0,0,0,0,0
Carmenère-Syrah,0,0,0,0,0,0,0,0,0,0,0,0,7,0,0,0,0,0,0
Carricante,0,0,0,0,0,0,0,0,0,29,0,0,0,0,0,0,0,0,0
Casavecchia,0,0,0,0,0,0,0,0,0,2,0,0,0,0,0,0,0,0,0
Castelão,0,0,0,0,0,0,0,0,0,0,0,0,0,0,0,34,0,0,0
Catalanesca,0,0,0,0,0,0,0,0,0,1,0,0,0,0,0,0,0,0,0
Catarratto,0,0,0,0,0,0,0,0,0,14,0,0,0,0,0,0,0,0,0
Cayuga,0,1,0,0,0,0,0,0,0,0,0,0,0,0,1,0,0,0,0
Centesimino,0,0,0,0,0,0,0,0,0,1,0,0,0,0,0,0,0,0,0
Cerceal,0,0,0,0,0,0,0,0,0,0,0,0,0,0,0,3,0,0,0
Cercial,0,0,0,0,0,0,0,0,0,0,0,0,0,0,0,1,0,0,0
Cesanese,0,0,0,0,0,0,0,0,0,2,0,0,0,0,0,0,0,0,0
Chambourcin,0,1,0,2,0,0,0,0,0,0,0,0,0,0,0,0,0,2,0
Champagne Blend,2,22,0,0,0,0,0,6,13,0,5,1,21,0,33,1166,0,3,0
Charbono,0,0,0,0,0,0,0,4,0,0,0,3,0,0,0,0,0,0,10
Chardonnay,52,291,67,15,1,1,29,421,456,123,197,924,877,23,797,2786,349,105,1429
Chardonnay Weissburgunder,0,0,0,0,0,0,0,0,0,0,0,0,0,0,0,1,0,0,0
Chardonnay-Pinot Blanc,0,0,0,0,0,0,0,0,2,0,0,0,0,0,1,2,0,0,0
Chardonnay-Pinot Gris,0,0,0,0,0,0,0,0,0,0,0,0,0,0,0,1,0,0,0
Chardonnay-Riesling,0,1,0,0,0,0,0,0,0,0,0,0,0,0,0,0,0,0,0
Chardonnay-Sauvignon,0,0,0,0,0,0,0,0,0,0,0,0,2,1,0,3,0,0,0
Chardonnay-Sauvignon Blanc,0,0,0,0,0,0,0,0,0,0,0,0,1,3,0,2,0,0,0
Chardonnay-Semillon,0,0,0,0,0,0,0,0,3,0,0,0,1,0,0,0,0,0,3
Chardonnay-Viognier,0,1,0,0,0,0,0,0,0,0,4,0,12,0,0,9,1,0,2
Chasselas,0,0,2,0,0,0,1,0,0,0,0,0,0,0,1,4,0,0,0
Chelois,0,2,0,0,0,0,0,0,0,0,0,0,0,0,0,0,0,0,0
Chenin Blanc,0,2,0,0,0,0,0,20,3,0,161,13,5,4,21,271,24,22,25
Chenin Blanc-Chardonnay,0,0,0,0,0,0,0,0,0,0,0,0,5,0,0,28,0,0,0
Chenin Blanc-Sauvignon Blanc,0,0,0,0,0,0,0,0,0,0,5,0,0,0,0,0,0,1,0
Chenin Blanc-Viognier,0,0,0,0,0,0,0,4,0,0,1,0,0,0,0,0,0,0,4
Chinuri,0,1,0,0,0,0,0,0,0,0,0,0,0,2,0,0,0,0,0
Ciliegiolo,0,0,0,0,0,0,0,0,0,2,0,0,0,0,0,0,0,0,0
Cinsault,1,0,0,0,0,0,0,8,0,0,5,2,5,0,2,0,11,0,7
Clairette,0,0,0,0,0,0,0,1,1,0,1,0,0,0,0,0,0,0,0
Claret,0,0,0,0,0,0,0,1,0,0,0,2,0,0,8,0,3,0,10
Coda di Volpe,0,0,0,0,0,0,0,0,0,8,0,0,0,0,0,0,0,0,0
Colombard,0,0,0,0,0,0,0,1,0,0,0,0,0,0,0,12,0,0,8
Colombard-Sauvignon Blanc,0,0,0,0,0,0,0,0,0,0,0,0,0,0,0,18,0,0,0
Colombard-Ugni Blanc,0,0,0,0,0,0,0,0,0,0,0,0,0,0,0,8,0,0,0
Colorino,0,0,0,0,0,0,0,0,0,1,0,0,0,0,0,0,0,0,0
Cortese,0,0,0,0,0,0,0,0,0,32,0,0,0,0,0,0,0,0,0
Corvina,0,0,0,0,0,0,0,0,0,7,0,0,0,0,0,0,0,0,0
Counoise,0,0,0,0,0,0,0,0,0,0,0,2,0,0,3,0,6,0,0
Códega do Larinho,0,0,0,0,0,0,0,0,0,0,0,0,0,0,0,4,0,0,0
Dafni,0,0,0,0,0,0,0,0,0,0,0,0,0,0,0,0,0,1,0
Debit,0,0,0,0,0,0,1,0,0,0,0,0,0,0,0,0,0,0,0
Diamond,0,1,0,0,0,0,0,0,0,0,0,0,0,0,0,0,0,0,0
Dolcetto,0,0,0,0,0,0,0,6,0,47,0,3,0,0,17,0,8,0,3
Dornfelder,0,22,0,0,0,0,0,0,0,0,0,4,0,0,0,0,0,0,0
Doña Blanca,0,0,0,0,0,0,0,0,0,0,0,0,1,0,0,0,0,0,0
Duras,0,0,0,0,0,0,0,0,0,0,0,0,0,0,0,7,0,0,0
Durella,0,0,0,0,0,0,0,0,0,9,0,0,0,0,0,0,0,0,0
Durif,0,0,0,0,0,0,0,0,2,0,0,0,0,0,0,0,0,0,0
Edelzwicker,0,0,1,0,0,0,0,1,0,0,0,0,0,0,1,0,0,0,0
Ekigaïna,0,0,0,0,0,0,0,0,0,0,0,0,0,0,0,1,0,0,0
Elbling,0,4,0,0,0,0,0,0,0,0,0,0,0,0,0,0,0,0,0
Emir,0,0,0,0,0,0,0,0,0,0,0,0,0,4,0,0,0,0,0
Encruzado,0,0,0,0,0,0,0,0,0,0,0,0,0,0,0,39,0,0,0
Erbaluce,0,0,0,0,0,0,0,0,0,3,0,0,0,0,0,0,0,0,0
Espadeiro,0,0,0,0,0,0,0,0,0,0,0,0,0,0,0,1,0,0,0
Falanghina,0,0,0,0,0,0,0,0,0,45,0,2,0,0,0,0,0,0,0
Favorita,0,0,0,0,0,0,0,0,0,1,0,0,0,0,0,0,0,0,0
Fer Servadou,0,0,0,0,0,0,0,0,0,0,0,0,0,0,0,4,0,0,0
Fernão Pires,0,0,0,0,0,0,0,0,0,0,0,0,0,0,0,36,0,0,0
Feteasca,0,0,0,0,0,0,2,0,0,0,0,0,0,0,0,0,0,0,0
Feteasca Neagra,0,3,0,0,0,0,4,0,0,0,0,0,0,0,0,0,0,0,0
Feteascǎ Regalǎ,0,3,0,0,0,0,3,0,0,0,0,0,0,0,0,0,0,0,0
Fiano,0,0,0,0,0,0,0,5,0,91,0,2,0,0,0,0,0,0,1
Folle Blanche,0,0,0,0,0,0,0,0,0,0,0,0,0,0,0,1,0,0,0
Forcallà,0,0,0,0,0,0,0,0,0,0,0,0,1,0,0,0,0,0,0
Francisa,0,0,0,0,0,0,0,0,0,1,0,0,0,0,0,0,0,0,0
Frankovka,0,0,0,0,0,0,1,0,0,0,0,0,0,0,0,0,0,0,0
Frappato,0,0,0,0,0,0,0,0,0,26,0,0,0,0,0,0,0,0,0
Freisa,0,0,0,0,0,0,0,0,0,1,0,0,0,0,0,0,0,0,0
Friulano,0,0,0,0,0,0,0,0,0,83,0,0,0,0,0,0,0,0,0
Früburgunder,0,1,0,0,0,0,0,0,0,0,0,0,0,0,0,0,0,0,0
Fumé Blanc,1,0,0,0,0,0,0,2,0,0,0,0,0,1,2,0,0,0,23
Furmint,0,6,2,0,0,0,46,0,0,0,0,0,0,0,0,0,0,1,0
G-S-M,3,0,0,0,0,0,0,3,25,0,6,55,0,0,14,0,20,0,15
Gaglioppo,0,0,0,0,0,0,0,0,0,7,0,0,0,0,0,0,0,0,0
Gamay,1,0,0,0,0,0,0,0,0,0,1,0,0,0,3,1019,0,0,0
Gamay Noir,0,4,0,0,0,0,0,0,0,0,0,0,0,0,17,2,0,0,0
Gamza,0,0,0,0,0,0,1,0,0,0,0,0,0,0,0,0,0,0,0
Garganega,0,0,0,0,0,0,0,0,1,164,0,0,0,0,0,2,0,0,0
Garnacha,0,0,0,0,0,0,0,1,0,0,0,1,310,0,2,0,3,0,3
Garnacha Blanca,0,0,0,0,0,0,0,0,0,0,0,0,37,0,0,0,1,0,0
Garnacha Blend,0,0,0,0,0,0,0,0,0,0,0,0,2,0,0,0,0,0,0
Garnacha Tintorera,0,0,0,0,0,0,0,0,0,0,0,0,8,0,0,0,0,0,0
Garnacha-Cabernet,0,0,0,0,0,0,0,0,0,0,0,0,1,0,0,0,0,0,0
Garnacha-Cariñena,0,0,0,0,0,0,0,0,0,0,0,0,1,0,0,0,0,0,0
Garnacha-Monastrell,0,0,0,0,0,0,0,0,0,0,0,0,3,0,0,0,0,0,0
Garnacha-Syrah,0,0,0,0,0,0,0,0,0,0,0,0,13,0,0,0,0,0,0
Garnacha-Tempranillo,0,0,0,0,0,0,0,0,0,0,0,0,6,0,0,0,0,0,0
Gelber Muskateller,0,0,22,0,0,0,0,0,0,0,0,0,0,0,0,15,0,0,0
Gelber Traminer,0,0,1,0,0,0,0,0,0,0,0,0,0,0,0,0,0,0,0
Gewürztraminer,2,153,219,0,0,0,2,32,14,16,7,16,21,0,86,245,40,10,29
Gewürztraminer-Riesling,0,3,0,0,0,0,0,0,1,0,0,0,0,0,1,1,0,1,0
Glera,0,0,0,0,0,0,0,0,0,351,0,0,0,0,0,0,0,0,0
Godello,0,0,0,0,0,0,0,0,0,0,0,0,81,0,0,0,0,0,0
Gouveio,0,0,0,0,0,0,0,0,0,0,0,0,0,0,0,2,0,0,0
Graciano,0,0,0,0,0,0,0,6,0,0,0,0,30,0,1,0,2,0,4
Grauburgunder,0,6,5,0,0,0,0,0,0,0,0,0,0,0,0,4,0,0,0
Graševina,0,0,0,0,0,0,1,0,0,0,0,0,0,0,0,0,0,0,0
Grecanico,0,0,0,0,0,0,0,0,0,2,0,0,0,0,0,0,0,0,0
Grechetto,0,0,0,0,0,0,0,0,0,4,0,0,0,0,0,0,0,0,0
Greco,0,0,0,0,0,0,0,0,0,80,0,0,0,0,0,0,0,0,0
Greco Bianco,0,0,0,0,0,0,0,0,0,2,0,0,0,0,0,0,0,0,0
Grenache,0,1,0,0,0,0,0,36,75,0,9,167,25,0,68,3,79,1,58
Grenache Blanc,0,0,0,0,0,0,0,12,0,0,2,47,6,0,8,1,17,0,12
Grenache Blend,0,0,0,0,0,0,0,0,0,0,0,1,6,0,0,0,0,0,2
Grenache Gris,0,0,0,0,0,0,0,0,0,0,1,0,0,0,0,0,0,0,0
Grenache Noir,0,0,0,0,0,0,0,0,0,0,1,2,0,0,0,0,0,0,0
Grenache-Carignan,0,0,0,0,0,0,0,0,0,0,2,0,10,0,2,0,3,0,0
Grenache-Mourvèdre,0,0,0,0,0,0,0,0,1,0,0,0,0,0,0,0,0,0,3
Grenache-Shiraz,0,0,0,0,0,0,0,0,4,0,0,0,0,0,0,0,0,0,0
Grenache-Syrah,0,0,0,0,0,0,0,2,17,0,5,11,3,0,0,0,1,0,4
Grillo,0,0,0,0,0,0,0,0,0,89,0,0,0,0,0,0,0,0,0
Grolleau,0,0,0,0,0,0,0,0,0,0,0,0,0,0,0,3,0,0,0
Gros Manseng,0,0,0,0,0,0,0,0,0,0,0,0,0,0,0,25,0,0,0
Gros Plant,0,0,0,0,0,0,0,0,0,0,0,0,0,0,0,1,0,0,0
Gros and Petit Manseng,0,0,0,0,0,0,0,0,0,0,0,0,0,0,0,51,0,0,0
Grüner Veltliner,2,28,825,0,0,0,0,1,5,2,0,13,0,0,27,409,18,0,6
Hondarrabi Zuri,0,0,0,0,0,0,0,0,0,0,0,0,17,0,0,0,0,0,0
Hárslevelü,0,0,0,0,0,0,2,0,0,0,0,0,0,0,0,0,0,0,0
Incrocio Manzoni,0,0,0,0,0,0,0,0,0,3,0,0,0,0,0,0,0,0,0
Insolia,0,0,0,0,0,0,0,0,0,9,0,0,0,0,0,0,0,0,0
Inzolia,0,0,0,0,0,0,0,0,0,13,0,0,0,0,0,0,0,0,0
Irsai Oliver,0,1,0,0,0,0,0,0,0,0,0,0,0,0,0,0,0,0,0
Jacquez,3,0,0,0,0,0,0,0,0,0,0,0,0,0,0,0,0,0,0
Jacquère,0,0,0,0,0,0,0,0,0,0,0,0,0,0,0,24,0,0,0
Jaen,0,0,0,0,0,0,0,0,0,0,0,0,1,0,0,6,0,0,0
Jampal,0,0,0,0,0,0,0,0,0,0,0,0,0,0,0,1,0,0,0
Johannisberg Riesling,0,0,0,0,0,0,0,0,2,0,0,0,0,0,4,0,0,0,0
Kadarka,0,0,0,0,0,0,2,0,0,0,0,0,0,0,0,0,0,0,0
Kalecik Karasi,0,0,0,0,0,0,0,0,0,0,0,0,0,15,0,0,0,0,0
Kangoun,0,0,0,0,0,0,0,0,0,0,0,0,0,1,0,0,0,0,0
Karalahna,0,0,0,0,0,0,0,0,0,0,0,0,0,1,0,0,0,0,0
Karasakiz,0,0,0,0,0,0,0,0,0,0,0,0,0,1,0,0,0,0,0
Kekfrankos,0,1,0,0,0,0,7,0,0,0,0,0,0,0,0,0,0,2,0
Kerner,0,0,0,0,0,0,0,1,0,21,0,0,0,0,0,0,0,0,0
Kinali Yapincak,0,0,0,0,0,0,0,0,0,0,0,0,0,1,0,0,0,0,0
Kisi,0,0,0,0,0,0,0,0,0,0,0,0,0,6,0,0,0,0,0
Kotsifali,0,0,0,0,0,0,0,0,0,0,0,0,0,0,0,0,0,1,0
Kuntra,0,0,0,0,0,0,0,0,0,0,0,0,0,1,0,0,0,0,0
Lagrein,0,0,0,0,0,0,0,0,0,59,0,2,0,0,1,0,0,0,1
Lambrusco,0,0,0,0,0,0,0,0,0,17,0,0,0,0,0,0,0,0,0
Lambrusco Grasparossa,0,0,0,0,0,0,0,0,0,18,0,0,0,0,0,0,0,0,0
Lambrusco Salamino,0,0,0,0,0,0,0,0,0,3,0,0,0,0,0,0,0,0,0
Lambrusco di Sorbara,0,0,0,0,0,0,0,0,0,19,0,0,0,0,0,0,0,0,0
Lemberger,1,22,0,0,0,0,0,0,0,0,0,0,0,0,7,0,3,0,0
Listán Negro,0,0,0,0,0,0,0,0,0,0,0,0,3,0,0,0,0,0,0
Loin de l'Oeil,0,0,0,0,0,0,0,0,0,0,0,0,0,0,0,9,0,0,0
Loureiro,0,0,0,0,0,0,0,0,1,0,0,0,0,0,0,28,0,0,0
Loureiro-Arinto,0,0,0,0,0,0,0,0,0,0,0,0,0,0,0,1,0,0,0
Macabeo,0,0,0,0,0,0,0,0,0,0,0,0,23,0,0,0,0,0,0
Macabeo-Chardonnay,0,0,0,0,0,0,0,0,0,0,0,0,4,0,0,0,0,0,0
Macabeo-Moscatel,0,0,0,0,0,0,0,0,0,0,0,0,1,0,0,0,0,0,0
Madeira Blend,0,0,0,0,0,0,0,0,0,0,0,0,0,0,0,2,0,0,0
Madeleine Angevine,0,0,0,0,0,0,0,0,0,0,0,0,0,0,1,0,1,0,0
Magliocco,0,0,0,0,0,0,0,0,0,3,0,0,0,0,0,0,0,0,0
Malagousia,0,0,0,0,0,0,0,0,0,0,0,0,0,0,0,0,0,12,0
Malagouzia,0,0,0,0,0,0,0,0,0,0,0,0,0,0,0,0,0,4,0
Malagouzia-Chardonnay,0,0,0,0,0,0,0,0,0,0,0,0,0,0,0,0,0,1,0
Malbec,4,9,0,2,0,3,1,38,6,0,2,39,1652,0,144,446,172,0,65
Malbec Blend,0,0,0,0,0,0,0,0,0,0,0,0,2,0,0,1,0,0,0
Malbec-Bonarda,0,0,0,0,0,0,0,0,0,0,0,0,5,0,0,0,0,0,0
Malbec-Cabernet,0,0,0,0,0,0,0,0,0,0,0,0,3,0,0,0,0,0,0
Malbec-Cabernet Franc,0,0,0,0,0,0,0,0,0,0,0,0,10,0,0,1,0,0,0
Malbec-Cabernet Sauvignon,0,0,0,0,0,0,0,0,0,0,0,0,57,0,0,0,1,0,0
Malbec-Carménère,0,0,0,0,0,0,0,0,0,0,0,0,1,0,0,0,0,0,0
Malbec-Merlot,0,3,0,0,0,0,0,0,0,0,0,0,8,0,0,82,3,0,0
Malbec-Petit Verdot,0,0,0,0,0,0,0,0,0,0,0,0,4,0,0,0,0,0,0
Malbec-Syrah,0,0,0,0,0,0,0,0,0,0,0,1,18,0,0,0,0,0,0
Malbec-Tannat,0,0,0,0,0,0,0,0,0,0,0,0,3,0,2,11,0,0,0
Malbec-Tempranillo,0,0,0,0,0,0,0,0,0,0,0,0,2,0,0,0,0,0,0
Malvar,0,0,0,0,0,0,0,0,0,1,0,0,1,0,0,0,0,0,0
Malvasia,0,4,0,0,0,0,4,0,0,11,0,0,6,0,0,1,0,1,0
Malvasia Bianca,0,0,0,0,0,0,0,1,0,0,0,4,0,0,0,0,0,0,1
Malvasia Fina,0,0,0,0,0,0,0,0,0,0,0,0,0,0,0,2,0,0,0
Malvasia Istriana,0,5,0,0,0,0,1,0,1,0,0,0,0,0,0,0,0,0,0
Malvasia Nera,0,0,0,0,0,0,0,0,0,3,0,0,0,0,0,0,0,0,0
Malvasia di Candia,0,0,0,0,0,0,0,0,0,2,0,0,0,0,0,0,0,0,0
Malvasia-Viura,0,0,0,0,0,0,0,0,0,0,0,0,3,0,0,0,0,0,0
Mandilaria,0,0,0,0,0,0,0,0,0,0,0,0,0,0,0,0,0,2,0
Mansois,0,0,0,0,0,0,0,0,0,0,0,0,0,0,0,4,0,0,0
Mantonico,0,0,0,0,0,0,0,0,0,3,0,0,0,0,0,0,0,0,0
Manzoni,0,0,0,0,0,0,0,0,0,1,0,0,0,0,0,0,0,0,0
Marawi,0,0,0,0,0,0,0,0,0,0,0,0,0,3,0,0,0,0,0
Maria Gomes,0,0,0,0,0,0,0,0,0,0,0,0,0,0,0,2,0,0,0
Maria Gomes-Bical,0,0,0,0,0,0,0,0,0,0,0,0,0,0,0,1,0,0,0
Marquette,0,2,0,0,0,0,0,0,0,0,0,0,0,0,0,0,0,0,0
Marsanne,0,0,0,0,0,0,0,2,25,0,0,9,1,0,11,0,2,0,3
Marsanne-Roussanne,0,0,0,0,0,0,0,1,4,0,1,0,0,0,5,0,3,0,2
Marsanne-Viognier,0,0,0,0,0,0,0,0,0,0,0,0,0,0,0,0,1,0,0
Marselan,0,0,0,0,0,0,0,0,0,0,1,0,0,3,0,0,0,0,0
Marzemino,0,0,0,0,0,0,0,0,0,1,0,0,0,0,0,0,0,0,0
Mataro,0,0,0,0,0,0,0,0,6,0,0,0,1,0,0,0,0,0,0
Maturana,0,0,0,0,0,0,0,0,0,0,0,0,6,0,0,0,0,0,0
Mauzac,0,0,0,0,0,0,0,0,0,0,2,0,0,0,0,5,0,0,0
Mavrodaphne,0,0,0,0,0,0,0,0,0,0,0,0,0,0,0,0,0,5,0
Mavrokalavryta,0,0,0,0,0,0,0,0,0,0,0,0,0,0,0,0,0,1,0
Mavrotragano,0,0,0,0,0,0,0,0,0,0,0,0,0,0,0,0,0,1,0
Mavroudi,0,0,0,0,0,0,0,0,0,0,0,0,0,0,0,0,0,1,0
Mavrud,0,1,0,0,0,0,5,0,0,0,0,0,0,0,0,0,0,1,0
Mazuelo,0,0,0,0,0,0,0,0,0,0,0,0,4,0,0,0,0,0,0
Melnik,0,0,0,0,0,0,3,0,0,0,0,0,0,0,0,0,0,0,0
Melon,0,0,0,0,0,0,0,0,0,0,0,0,0,0,1,279,0,0,0
Mencía,0,0,0,0,0,0,0,0,0,0,0,0,178,0,0,0,0,0,0
Meritage,11,20,0,2,0,0,0,6,0,0,0,31,0,0,20,0,6,4,51
Merlot,12,122,1,4,0,2,21,109,42,56,56,120,324,19,415,107,326,31,332
Merlot-Argaman,0,0,0,0,0,0,0,0,0,0,1,0,0,0,0,0,0,0,0
Merlot-Cabernet,0,1,0,0,0,0,0,0,2,0,0,0,1,0,4,1,0,0,1
Merlot-Cabernet Franc,1,5,0,0,0,0,1,0,1,0,1,0,1,0,4,1,3,0,1
Merlot-Cabernet Sauvignon,0,0,0,0,0,0,1,0,0,0,3,3,6,0,4,6,1,4,3
Merlot-Grenache,0,0,0,0,0,0,0,0,1,0,0,0,0,0,0,0,0,0,0
Merlot-Malbec,0,0,0,0,0,0,0,0,3,0,0,0,0,0,0,2,0,0,0
Merlot-Shiraz,0,0,0,0,0,0,0,0,0,0,1,0,0,0,0,0,0,0,0
Merlot-Syrah,0,0,0,0,0,0,1,0,0,0,0,0,0,0,0,1,0,0,0
Merlot-Tannat,0,0,0,0,0,0,0,0,0,0,0,0,0,0,0,3,0,0,0
Merseguera-Sauvignon Blanc,0,0,0,0,0,0,0,0,0,0,0,0,1,0,0,0,0,0,0
Meseguera,0,0,0,0,0,0,0,0,0,0,0,0,1,0,0,0,0,0,0
Misket,0,0,0,0,0,0,0,0,0,0,0,0,0,1,0,0,0,0,0
Mission,0,0,0,0,0,0,0,0,0,0,0,6,0,0,0,0,0,0,1
Molinara,0,0,0,0,0,0,0,0,0,1,0,0,0,0,0,0,0,0,0
Monastrell,0,0,0,0,0,0,0,1,0,0,0,1,138,0,1,0,2,0,2
Monastrell-Petit Verdot,0,0,0,0,0,0,0,0,0,0,0,0,2,0,0,0,0,0,0
Monastrell-Syrah,0,0,0,0,0,0,0,0,0,0,0,0,21,0,0,0,0,0,0
Mondeuse,0,0,0,0,0,0,0,0,0,0,0,0,0,0,1,12,0,0,0
Monica,0,0,0,0,0,0,0,0,0,2,0,0,0,0,0,0,0,0,0
Montepulciano,3,1,0,0,0,0,0,3,0,81,0,6,0,0,0,0,0,0,4
Morava,0,0,0,0,0,0,1,0,0,0,0,0,0,0,0,0,0,0,0
Morillon,0,0,7,0,0,0,0,0,0,0,0,0,0,0,0,0,0,0,0
Morio Muskat,0,0,0,0,0,0,0,0,0,0,0,0,0,0,2,0,0,0,0
Moscatel,0,0,0,0,0,0,0,0,0,0,0,0,40,0,0,17,0,0,0
Moscatel Graúdo,0,0,0,0,0,0,0,0,0,0,0,0,0,0,0,2,0,0,0
Moscatel Roxo,0,0,0,0,0,0,0,0,0,0,0,0,0,0,0,6,0,0,0
Moscatel de Alejandría,0,0,0,0,0,0,0,0,0,0,0,0,3,0,0,0,0,0,0
Moscato,0,3,0,0,0,0,5,24,11,51,6,2,30,2,9,2,6,0,19
Moscato Giallo,0,0,0,0,0,0,0,0,0,3,0,0,0,0,0,0,0,0,1
Moscato Rosa,0,0,0,0,0,0,0,0,0,2,0,0,0,0,0,0,0,0,0
Moschofilero,0,0,0,0,0,0,0,0,0,0,0,0,0,0,0,0,0,36,0
Moschofilero-Chardonnay,0,0,0,0,0,0,0,0,0,0,0,0,0,0,0,0,0,1,0
Mourvèdre,3,0,0,0,0,0,0,32,8,0,1,47,1,0,35,5,50,1,13
Mourvèdre-Syrah,0,0,0,0,0,0,0,0,1,0,0,1,0,0,1,0,0,0,0
Mtsvane,0,1,0,0,0,0,0,0,0,0,0,0,0,4,0,0,0,0,0
Muscadel,0,0,0,0,0,0,0,0,0,0,0,0,0,0,0,1,0,0,0
Muscadelle,0,0,0,0,0,0,0,0,6,0,0,0,0,0,0,4,0,0,0
Muscadine,0,0,0,0,0,0,0,0,0,0,0,0,0,0,0,0,0,0,2
Muscat,0,1,20,0,0,0,9,5,22,0,9,2,13,0,14,11,1,9,4
Muscat Blanc,0,0,0,0,0,0,0,3,0,0,0,0,0,0,0,0,1,1,3
Muscat Blanc à Petits Grains,0,0,0,0,0,0,0,1,1,0,1,0,0,0,0,0,0,0,0
Muscat Canelli,0,0,0,0,0,0,0,7,0,0,0,2,0,0,2,0,4,0,5
Muscat Hamburg,0,0,0,0,0,0,1,1,1,0,0,1,0,0,0,0,0,0,0
Muscat d'Alexandrie,0,0,0,0,0,0,0,0,1,0,0,1,1,0,0,0,0,0,0
Muscat of Alexandria,0,0,0,0,0,0,0,0,0,0,0,0,1,0,0,0,0,2,0
Muscatel,0,0,0,0,0,0,0,0,0,0,0,0,3,0,0,0,0,0,0
Muskat,0,0,3,0,0,0,0,0,0,0,0,1,0,0,0,0,0,0,0
Muskat Ottonel,0,8,4,2,0,0,1,0,0,0,0,0,0,0,0,7,0,1,0
Muskateller,0,2,0,0,0,0,0,0,2,0,0,0,0,0,0,0,0,0,0
Müller-Thurgau,0,2,0,0,0,0,0,0,1,19,0,0,1,0,10,2,0,0,0
Narince,0,0,0,0,0,0,0,0,0,0,0,0,0,7,0,0,0,0,0
Nascetta,0,0,0,0,0,0,0,0,0,5,0,0,0,0,0,0,0,0,0
Nasco,0,0,0,0,0,0,0,0,0,2,0,0,0,0,0,0,0,0,0
Nebbiolo,2,0,0,0,0,0,0,2,0,1930,0,20,9,0,3,0,8,2,5
Negrette,0,0,0,0,0,0,0,0,0,0,0,1,0,0,0,15,0,0,0
Negroamaro,0,0,0,0,0,0,0,0,0,36,0,1,0,0,0,0,0,0,0
Nerello Cappuccio,0,0,0,0,0,0,0,0,0,5,0,0,0,0,0,0,0,0,0
Nerello Mascalese,0,0,0,0,0,0,0,0,0,83,0,0,0,0,0,0,0,0,0
Nero d'Avola,2,0,0,0,0,0,0,1,0,190,0,0,0,0,0,0,0,0,1
Nero di Troia,0,0,0,0,0,0,0,0,0,9,0,0,0,0,0,0,0,0,0
Neuburger,0,0,11,0,0,0,0,0,0,0,0,0,0,0,0,0,0,0,0
Nielluciu,0,0,1,0,0,0,0,0,0,0,0,0,0,0,0,2,0,0,0
Norton,0,0,0,2,0,0,0,0,0,0,0,0,0,0,0,0,0,0,0
Nosiola,0,0,0,0,0,0,0,0,0,7,0,0,0,0,0,0,0,0,0
Nuragus,0,0,0,0,0,0,0,0,0,3,0,0,0,0,0,0,0,0,0
Ojaleshi,0,0,0,0,0,0,0,0,0,0,0,0,0,1,0,0,0,0,0
Okuzgozu,0,2,0,0,0,0,0,0,0,0,0,0,0,6,0,0,0,0,0
Ondenc,0,0,0,0,0,0,0,0,0,0,0,0,0,0,0,1,0,0,0
Orange Muscat,0,0,0,0,0,0,0,6,0,0,0,2,0,0,2,0,0,0,0
Orangetraube,0,0,1,0,0,0,0,0,0,0,0,0,0,0,0,0,0,0,0
Other,0,0,0,0,0,0,0,0,0,0,0,0,0,2,0,0,0,0,0
Otskhanuri Sapere,0,0,0,0,0,0,0,0,0,0,0,0,0,1,0,0,0,0,0
Pallagrello Bianco,0,0,0,0,0,0,0,0,0,5,0,0,0,0,0,0,0,0,0
Pallagrello Nero,0,0,0,0,0,0,0,0,0,5,0,0,0,0,0,0,0,0,0
Palomino,0,0,0,0,0,0,0,1,0,0,0,0,17,0,0,0,0,0,0
Pansa Blanca,0,0,0,0,0,0,0,0,0,0,0,0,14,0,0,0,0,0,0
Papaskarasi,0,0,0,0,0,0,0,0,0,0,0,0,0,3,0,0,0,0,0
Parraleta,0,0,0,0,0,0,0,0,0,0,0,0,1,0,0,0,0,0,0
Passerina,0,0,0,0,0,0,0,0,0,11,0,0,0,0,0,0,0,0,0
País,0,0,0,0,0,0,0,0,0,0,0,0,1,0,0,0,0,0,0
Pecorino,0,0,0,0,0,0,0,0,0,24,0,0,0,0,0,0,0,0,0
Pedro Ximénez,0,0,0,0,0,0,0,0,0,0,0,0,42,0,0,0,0,0,0
Perricone,0,0,0,0,0,0,0,0,0,5,0,0,0,0,0,0,0,0,0
Petit Courbu,0,0,0,0,0,0,0,0,0,0,0,0,0,0,0,1,0,0,0
Petit Manseng,7,0,0,6,0,0,0,0,0,2,0,0,0,0,0,36,0,0,0
Petit Meslier,0,0,0,0,0,0,0,0,0,0,0,0,0,0,0,1,0,0,0
Petit Verdot,16,10,0,5,0,0,0,12,1,6,0,24,26,2,28,10,40,0,33
Petite Sirah,1,0,0,0,0,0,0,136,7,0,1,100,6,8,29,0,19,0,193
Petite Verdot,0,1,0,1,0,0,0,1,0,0,0,0,2,0,5,3,2,0,1
Picapoll,0,0,0,0,0,0,0,0,0,0,0,0,1,0,0,0,0,0,0
Picolit,0,0,0,0,0,0,0,0,0,4,0,0,0,0,0,0,0,0,0
Picpoul,0,0,0,0,0,0,0,2,0,0,9,2,0,0,0,0,2,0,2
Piedirosso,0,0,0,0,0,0,0,0,0,12,0,0,0,0,0,0,0,0,0
Pignoletto,0,0,0,0,0,0,0,0,0,1,0,0,0,0,0,0,0,0,0
Pinot Auxerrois,0,0,7,0,0,0,0,0,0,0,0,0,0,0,1,5,0,0,0
Pinot Bianco,0,0,0,0,0,0,0,0,4,84,0,0,0,0,0,7,0,0,0
Pinot Blanc,2,38,95,0,0,0,0,7,5,0,1,14,0,0,109,122,1,0,12
Pinot Blanc-Chardonnay,0,0,0,0,0,0,0,0,0,0,0,0,0,0,0,3,0,0,0
Pinot Blanc-Pinot Noir,0,0,0,0,0,0,0,0,0,0,0,0,0,0,1,0,0,0,0
Pinot Blanc-Viognier,0,0,0,0,0,0,0,0,0,0,0,0,0,0,0,0,0,0,1
Pinot Grigio,4,29,0,0,0,0,14,81,64,234,0,33,33,0,17,14,21,3,25
Pinot Grigio-Sauvignon Blanc,0,1,0,0,0,0,0,0,0,0,0,0,0,0,0,0,0,0,0
Pinot Gris,3,59,268,1,0,0,6,36,78,0,0,33,14,1,521,185,77,10,46
Pinot Gris-Gewürztraminer,0,0,0,0,0,0,0,0,0,0,0,0,0,0,0,0,1,0,0
Pinot Meunier,0,0,0,0,1,0,0,2,0,0,0,0,0,0,6,18,0,0,6
Pinot Nero,0,0,0,0,0,0,0,0,0,133,0,0,0,0,0,0,0,0,0
Pinot Noir,12,201,170,0,1,0,30,560,636,0,61,1570,524,3,2721,1872,56,11,1891
Pinot Noir-Gamay,0,0,0,0,0,0,1,0,0,0,0,0,0,0,0,17,0,0,0
Pinot Noir-Syrah,0,0,0,0,0,0,0,0,0,0,0,0,1,0,2,0,0,0,0
Pinot-Chardonnay,0,0,0,0,0,0,0,0,0,0,0,0,0,0,1,0,0,0,5
Pinotage,2,0,0,2,0,0,0,0,0,0,92,0,0,0,1,0,0,28,1
Pinotage-Merlot,0,0,0,0,0,0,0,0,0,0,1,0,0,0,0,0,0,0,0
Piquepoul Blanc,1,0,0,0,0,0,0,0,0,0,0,0,0,0,0,0,0,0,0
Plavac Mali,0,10,0,0,0,0,7,0,0,0,0,0,0,0,0,0,0,0,0
Plyto,0,0,0,0,0,0,0,0,0,0,0,0,0,0,0,0,0,2,0
Port,2,0,0,1,0,0,0,8,2,0,0,5,9,0,2,593,0,0,12
Portuguese Red,0,0,0,0,0,0,0,0,3,0,1,0,0,0,0,2462,0,0,0
Portuguese Rosé,0,0,0,0,0,0,0,0,0,0,0,0,0,0,0,16,0,0,0
Portuguese Sparkling,0,0,0,0,0,0,0,0,0,0,0,0,0,0,0,65,0,0,0
Portuguese White,0,0,0,0,0,0,0,0,0,0,0,0,0,0,0,1159,0,0,0
Portuguiser,0,0,0,0,0,0,2,0,0,0,0,0,0,0,0,0,0,0,0
Posip,0,4,0,0,0,0,4,0,0,0,0,0,0,0,0,0,0,0,0
Poulsard,0,0,0,0,0,0,0,0,0,0,0,0,0,0,0,3,0,0,0
Premsal,0,0,0,0,0,0,0,0,0,0,0,0,1,0,0,0,0,0,0
Prieto Picudo,0,0,0,0,0,0,0,0,0,0,0,0,15,0,0,0,0,0,0
Primitivo,1,0,0,0,0,0,0,24,0,42,0,12,0,0,10,0,13,0,26
Prié Blanc,0,0,0,0,0,0,0,0,0,6,0,0,0,0,0,0,0,0,0
Prosecco,0,0,0,0,0,0,0,0,0,0,0,0,0,0,1,0,0,0,0
Provence red blend,0,0,0,0,0,0,0,0,0,0,0,0,0,0,0,64,0,0,0
Provence white blend,0,0,0,0,0,0,0,0,0,0,0,0,0,0,0,36,0,0,0
Prunelard,0,0,0,0,0,0,0,0,0,0,0,0,0,0,0,1,0,0,0
Pugnitello,0,0,0,0,0,0,0,0,0,1,0,0,0,0,0,0,0,0,0
Rabigato,0,0,0,0,0,0,0,0,0,0,0,0,0,0,0,2,0,0,0
Raboso,0,0,0,0,0,0,0,0,0,1,0,0,0,0,0,0,0,0,0
Ramisco,0,0,0,0,0,0,0,0,0,0,0,0,0,0,0,1,0,0,0
Rara Neagra,0,0,0,0,0,0,2,0,0,0,0,0,0,0,0,0,0,0,0
Rebo,0,0,0,0,0,0,0,0,0,2,0,0,0,0,0,0,0,0,0
Rebula,0,0,0,0,0,0,3,0,0,0,0,0,0,0,0,0,0,0,0
Red Blend,27,70,76,9,0,1,60,430,85,2507,116,337,1496,91,576,288,424,116,400
Refosco,0,0,0,0,0,0,1,1,0,4,0,0,0,0,0,0,0,0,0
Rhône-style Red Blend,3,0,0,0,0,0,0,71,491,0,172,233,3,5,80,85,109,2,48
Rhône-style White Blend,0,0,0,0,0,0,0,3,171,0,20,89,1,2,33,9,23,0,19
Ribolla Gialla,0,2,0,0,0,0,7,0,0,47,0,0,0,0,0,1,0,0,1
Rieslaner,0,3,0,0,0,0,0,0,3,0,0,0,0,0,0,0,0,0,0
Riesling,26,2135,822,2,0,0,14,31,525,14,5,75,27,1,491,454,243,34,36
Riesling-Chardonnay,0,1,0,0,0,0,0,0,0,0,0,0,0,0,0,0,0,0,0
Rivaner,0,3,0,0,0,0,0,0,0,0,0,0,0,0,0,0,0,0,0
Rkatsiteli,1,13,0,1,0,0,1,0,0,0,0,0,0,14,0,0,0,0,0
Robola,0,0,0,0,0,0,0,0,0,0,0,0,0,0,0,0,0,4,0
Roditis,0,0,0,0,0,0,0,0,0,0,0,0,0,0,0,0,0,4,0
Roditis-Moschofilero,0,0,0,0,0,0,0,0,0,0,0,0,0,0,0,0,0,1,0
Rolle,0,0,0,0,0,0,0,0,0,0,0,0,0,0,0,4,0,0,0
Romorantin,0,0,0,0,0,0,0,0,0,0,0,0,0,0,0,3,0,0,0
Rosado,0,0,0,0,0,0,0,1,0,0,0,0,75,0,0,1,0,0,0
Rosato,0,3,0,0,0,0,0,2,0,74,0,0,0,0,0,0,0,0,0
Rosenmuskateller,0,0,0,0,0,0,0,0,0,0,0,0,0,0,0,2,0,0,0
Rosé,16,146,52,6,0,0,8,121,239,8,176,122,237,15,119,1803,103,28,116
Roter Traminer,0,0,4,0,0,0,0,0,0,0,0,0,0,0,0,2,0,0,0
Roter Veltliner,0,0,12,0,0,0,0,0,0,0,0,0,0,0,0,1,0,0,0
Rotgipfler,0,0,17,0,0,0,0,0,0,0,0,0,0,0,0,9,0,0,0
Roussanne,7,0,0,0,0,0,0,12,12,0,3,29,0,0,27,3,23,0,14
Roussanne-Marsanne,0,0,0,0,0,0,0,1,1,0,1,0,0,1,0,0,0,0,0
Roussanne-Viognier,0,0,0,0,0,0,0,1,0,0,0,3,0,0,2,0,0,0,6
Roviello,0,0,0,0,0,0,0,0,0,2,0,0,0,0,0,0,0,0,0
Ruché,0,0,0,0,0,0,0,0,0,2,0,0,0,0,0,0,0,0,0
Rufete,0,0,0,0,0,0,0,0,0,0,0,0,2,0,0,0,0,0,0
Ryzlink Rýnský,0,0,0,0,0,0,1,0,0,0,0,0,0,0,0,0,0,0,0
Sacy,0,0,0,0,0,0,0,0,0,0,0,0,0,0,0,2,0,0,0
Sagrantino,0,0,0,0,0,0,0,0,0,72,0,0,0,0,0,0,1,0,3
Sangiovese,5,4,0,0,0,0,0,55,4,1584,0,54,57,1,95,24,69,0,45
Sangiovese Cabernet,0,0,0,0,0,0,0,0,0,0,0,2,0,0,1,0,0,0,1
Sangiovese Grosso,0,0,0,0,0,0,0,0,0,0,0,0,1,0,0,0,1,0,0
Sangiovese-Cabernet Sauvignon,0,0,0,0,0,0,0,1,0,0,0,1,0,0,0,0,2,0,0
Sangiovese-Syrah,0,0,0,0,0,0,0,0,0,0,0,2,0,0,0,0,0,0,1
Saperavi,0,10,0,0,0,0,1,0,0,0,0,0,0,26,0,0,0,0,0
Saperavi-Merlot,0,1,0,0,0,0,0,0,0,0,0,0,0,1,0,0,0,0,0
Sauvignon,0,2,2,0,0,0,2,0,3,192,0,0,5,0,0,2,0,1,0
Sauvignon Blanc,7,73,87,4,1,0,27,221,530,5,145,233,794,14,167,985,110,60,557
Sauvignon Blanc-Assyrtiko,0,0,0,0,0,0,0,0,0,0,0,0,0,0,0,0,0,1,0
Sauvignon Blanc-Chardonnay,0,0,0,0,0,0,0,0,0,0,0,0,2,0,0,6,0,0,0
Sauvignon Blanc-Chenin Blanc,0,0,0,0,0,0,0,0,0,0,2,0,1,0,0,0,1,0,0
Sauvignon Blanc-Sauvignon Gris,0,0,0,0,0,0,0,0,0,0,0,0,0,0,0,1,0,0,0
Sauvignon Blanc-Semillon,0,1,0,0,0,0,0,1,20,0,2,2,2,1,13,1,2,0,9
Sauvignon Blanc-Verdejo,0,0,0,0,0,0,0,0,0,0,0,0,4,0,0,0,0,0,0
Sauvignon Gris,0,0,0,0,0,0,0,0,0,0,0,0,10,0,0,2,0,0,1
Sauvignon-Sémillon,0,0,0,0,0,0,0,0,0,0,0,0,0,0,0,1,0,0,0
Sauvignonasse,0,0,0,0,0,0,1,0,0,0,0,0,0,0,0,0,0,0,0
Savagnin,0,0,0,0,0,0,0,0,2,0,0,0,0,0,0,20,0,0,0
Savatiano,0,0,0,0,0,0,0,0,0,0,0,0,0,0,0,0,0,5,0
Scheurebe,0,6,7,0,0,0,0,0,1,0,0,0,0,0,0,8,0,0,1
Schiava,0,0,0,0,0,0,0,0,0,23,0,0,0,0,0,0,0,0,0
Schwartzriesling,0,1,0,0,0,0,0,0,0,0,0,0,0,0,0,0,0,0,0
Sciaccerellu,0,0,0,0,0,0,0,0,0,0,0,0,0,0,0,5,0,0,0
Semillon-Chardonnay,0,0,0,0,0,0,0,0,1,0,0,0,0,0,2,0,0,0,0
Semillon-Sauvignon Blanc,0,0,0,0,0,0,0,0,11,0,2,1,0,0,5,1,2,0,9
Sercial,0,0,0,0,0,0,0,0,0,0,0,0,0,0,0,1,0,0,0
Seyval Blanc,0,10,0,3,0,0,0,0,0,0,0,0,0,0,0,0,0,0,0
Sherry,1,0,0,0,0,0,0,0,0,0,0,1,97,0,0,0,0,0,0
Shiraz,0,4,1,0,1,0,1,2,562,0,59,0,34,22,2,3,2,31,4
Shiraz-Cabernet,0,0,0,0,0,0,0,0,3,0,0,0,0,0,0,0,0,0,0
Shiraz-Cabernet Sauvignon,0,0,0,0,0,0,0,0,23,0,4,0,3,0,0,0,0,0,0
Shiraz-Grenache,0,0,0,0,0,0,0,0,14,0,0,0,0,0,0,0,0,0,0
Shiraz-Malbec,0,0,0,0,0,0,0,0,2,0,0,0,1,0,0,0,0,0,0
Shiraz-Mourvèdre,0,0,0,0,0,0,0,0,2,0,1,0,0,0,0,0,0,0,0
Shiraz-Roussanne,0,0,0,0,0,0,0,0,1,0,0,0,0,0,0,0,0,0,0
Shiraz-Tempranillo,0,0,0,0,0,0,0,0,0,0,0,0,2,0,0,0,0,0,0
Shiraz-Viognier,0,0,0,0,0,0,0,0,33,0,0,0,0,0,0,0,0,0,0
Sideritis,0,0,0,0,0,0,0,0,0,0,0,0,0,0,0,0,0,1,0
Siegerrebe,0,0,0,0,0,0,0,0,0,0,0,0,0,0,1,0,0,0,0
Silvaner,0,28,0,0,0,0,0,0,9,0,0,0,0,0,0,0,0,0,0
Silvaner-Traminer,0,0,0,0,0,0,0,0,1,0,0,0,0,0,0,0,0,0,0
Siria,0,0,0,0,0,0,0,0,0,0,0,0,0,0,0,12,0,0,0
Sirica,0,0,0,0,0,0,0,0,0,2,0,0,0,0,0,0,0,0,0
Sousão,0,0,0,0,0,0,0,0,0,0,0,0,0,0,0,8,0,0,0
Souzao,0,0,0,0,0,0,0,2,0,0,0,0,0,0,0,0,1,0,0
Sparkling Blend,9,80,269,0,1,7,7,90,45,211,18,43,548,1,39,202,13,2,145
Spätburgunder,0,63,0,0,0,0,0,0,9,0,0,0,0,0,0,0,0,0,0
St. Laurent,0,3,60,0,0,0,1,0,0,0,0,0,0,0,0,28,0,0,0
Susumaniello,0,0,0,0,0,0,0,0,0,1,0,0,0,0,0,0,0,0,0
Sylvaner,0,0,26,0,0,0,0,0,0,9,0,0,0,0,0,14,0,0,0
Symphony,0,0,0,0,0,0,0,2,0,0,0,0,0,0,0,0,0,0,0
Syrah,10,18,1,0,0,0,5,139,202,53,53,535,366,23,695,59,641,19,321
Syrah-Bonarda,0,0,0,0,0,0,0,0,0,0,0,0,1,0,0,0,0,0,0
Syrah-Cabernet,0,1,0,0,0,0,0,0,1,0,1,2,4,0,2,0,0,0,0
Syrah-Cabernet Franc,0,0,0,0,0,0,0,0,0,0,0,0,1,0,0,0,0,0,0
Syrah-Cabernet Sauvignon,0,0,0,0,0,0,0,0,0,0,1,15,6,2,5,0,5,0,2
Syrah-Carignan,0,0,0,0,0,0,0,0,0,0,3,0,1,0,0,0,0,0,0
Syrah-Grenache,0,2,0,0,0,0,0,1,10,0,5,9,6,1,7,0,2,0,8
Syrah-Grenache-Viognier,0,0,0,0,0,0,0,0,0,0,0,0,0,0,0,0,0,0,1
Syrah-Malbec,0,0,0,0,0,0,0,0,0,0,0,0,1,0,0,0,0,0,0
Syrah-Merlot,0,0,0,0,0,0,0,0,0,0,0,1,2,2,0,2,0,0,0
Syrah-Mourvèdre,0,0,0,0,0,0,0,0,0,0,5,4,1,4,1,0,5,0,0
Syrah-Petit Verdot,0,0,0,0,0,0,0,0,0,0,0,1,2,0,0,0,0,0,0
Syrah-Petite Sirah,0,0,0,0,0,0,0,0,0,0,0,2,0,0,1,0,5,0,5
Syrah-Tempranillo,0,0,0,0,0,0,0,0,0,0,0,0,1,0,0,0,0,0,2
Syrah-Viognier,1,0,0,0,0,0,0,0,3,0,4,0,3,0,0,0,0,0,3
Sämling,0,0,1,0,0,0,0,0,0,0,0,0,0,0,0,4,0,0,0
Sémillon,0,1,0,0,0,0,0,10,20,0,5,2,14,0,28,10,19,1,11
Tamianka,0,0,0,0,0,0,1,0,0,0,0,0,0,0,0,0,0,0,0
Tamjanika,0,0,0,0,0,0,2,0,0,0,0,0,0,0,0,0,0,0,0
Tannat,2,0,0,4,0,0,0,10,0,0,0,11,66,0,7,59,1,1,7
Tannat-Cabernet,0,0,0,0,0,0,0,0,0,0,0,0,0,0,0,31,0,0,0
Tannat-Cabernet Franc,0,0,0,0,0,0,0,0,0,0,0,0,2,0,0,14,0,0,0
Tannat-Merlot,0,0,0,0,0,0,0,0,0,0,0,0,6,0,0,5,0,0,0
Tannat-Syrah,0,0,0,0,0,0,0,0,0,0,0,1,1,0,0,4,0,0,0
Tempranillo,12,0,0,0,0,0,0,37,2,6,3,28,1439,0,119,0,70,1,38
Tempranillo Blanco,0,0,0,0,0,0,0,0,0,0,0,0,9,0,0,0,0,0,0
Tempranillo Blend,0,0,0,0,0,0,0,0,0,0,0,1,577,0,0,0,0,0,5
Tempranillo-Cabernet Sauvignon,0,0,0,0,0,0,0,0,0,0,0,0,51,0,1,0,0,0,1
Tempranillo-Garnacha,0,0,0,0,0,0,0,0,0,0,0,0,30,0,2,0,0,0,0
Tempranillo-Malbec,0,0,0,0,0,0,0,0,0,0,0,0,1,0,0,0,0,0,0
Tempranillo-Merlot,0,0,0,0,0,0,0,0,0,0,0,0,7,0,0,0,0,0,0
Tempranillo-Shiraz,0,0,0,0,0,0,0,0,0,0,0,0,8,0,0,0,0,0,0
Tempranillo-Syrah,0,0,0,0,0,0,0,0,0,0,0,0,1,0,1,0,0,0,0
Tempranillo-Tannat,0,0,0,0,0,0,0,0,0,0,0,0,1,0,0,0,0,0,0
Teran,0,2,0,0,0,0,5,0,0,0,0,0,0,0,0,0,0,0,0
Teroldego,0,2,0,0,0,0,0,6,0,10,0,3,0,0,0,0,0,0,2
Teroldego Rotaliano,0,0,0,0,0,0,0,0,0,1,0,0,0,0,0,0,0,0,0
Terrantez,0,0,0,0,0,0,0,0,0,0,0,0,0,0,0,1,0,0,0
Thrapsathiri,0,0,0,0,0,0,0,0,0,0,0,0,0,0,0,0,0,1,0
Timorasso,0,0,0,0,0,0,0,0,0,5,0,0,0,0,0,0,0,0,0
Tinta Amarela,0,0,0,0,0,0,0,0,0,0,0,0,0,0,1,0,0,0,0
Tinta Barroca,0,0,0,0,0,0,0,0,0,0,1,0,0,0,0,4,0,0,0
Tinta Cao,0,0,0,0,0,0,0,0,0,0,0,0,0,0,0,2,0,0,0
Tinta Fina,0,0,0,0,0,0,0,0,0,0,0,0,11,0,0,0,0,0,0
Tinta Francisca,0,0,0,0,0,0,0,0,0,0,0,0,0,0,0,3,0,0,0
Tinta Madeira,0,0,0,0,0,0,0,1,0,0,0,0,0,0,0,0,0,0,0
Tinta Miúda,0,0,0,0,0,0,0,0,0,0,0,0,0,0,0,3,0,0,0
Tinta Negra Mole,0,0,0,0,0,0,0,0,0,0,0,0,0,0,0,1,0,0,0
Tinta Roriz,0,0,0,0,0,0,0,0,0,0,0,0,0,0,0,11,0,0,0
Tinta de Toro,0,0,0,0,0,0,0,0,0,0,0,0,163,0,0,0,0,0,0
Tinta del Pais,0,0,0,0,0,0,0,0,0,0,0,0,2,0,0,0,0,0,0
Tinta del Toro,0,0,0,0,0,0,0,0,0,0,0,0,3,0,0,0,0,0,0
Tinto Fino,0,0,0,0,0,0,0,0,0,0,0,0,100,0,0,0,0,0,0
Tinto Velasco,0,0,0,0,0,0,0,0,0,0,0,0,1,0,0,0,0,0,0
Tinto del Pais,0,0,0,0,0,0,0,0,0,0,0,0,18,0,0,0,0,0,0
Tocai,0,0,0,0,0,0,0,0,4,0,0,0,1,0,0,3,0,0,0
Tocai Friulano,0,9,0,0,0,0,0,2,0,0,0,1,0,0,0,0,0,0,2
Tokaji,0,10,0,0,0,0,6,0,0,0,0,0,0,0,0,0,0,8,0
Tokay,0,0,0,0,0,0,0,0,7,0,0,0,0,0,0,0,0,0,0
Tokay Pinot Gris,0,0,0,0,0,0,0,0,1,0,0,0,0,0,0,0,0,0,0
Torbato,0,0,0,0,0,0,0,0,0,2,0,0,0,0,0,0,0,0,0
Torontel,0,0,0,0,0,0,0,0,0,0,0,0,1,0,0,0,0,0,0
Torrontés,0,0,0,0,0,0,0,4,0,0,0,0,245,0,0,0,0,0,0
Touriga,2,0,0,1,0,0,0,0,0,0,0,0,0,0,0,0,0,0,0
Touriga Franca,0,0,0,0,0,0,0,0,0,0,0,0,0,0,0,7,0,0,0
Touriga Nacional,1,0,0,0,0,0,0,3,2,0,0,0,0,0,2,179,4,0,5
Touriga Nacional Blend,0,0,0,0,0,0,0,0,0,0,0,0,1,0,1,17,0,0,0
Touriga Nacional-Cabernet Sauvignon,0,0,0,0,0,0,0,0,0,0,0,0,0,0,0,28,0,0,0
Trajadura,0,0,0,0,0,0,0,0,1,0,0,0,0,0,0,0,0,0,0
Traminer,0,3,6,0,0,0,4,0,1,4,0,0,0,0,0,13,0,3,0
Traminette,2,5,0,0,0,0,0,0,0,0,0,0,0,0,0,0,0,0,0
Trebbiano,1,1,0,0,0,0,0,0,0,17,0,0,1,0,0,0,0,0,0
Trebbiano Spoletino,0,0,0,0,0,0,0,0,0,7,0,0,0,0,0,0,0,0,0
Treixadura,0,0,0,0,0,0,0,0,0,0,0,0,3,0,0,0,0,0,0
Trepat,0,0,0,0,0,0,0,0,0,0,0,0,10,0,0,0,0,0,0
Trincadeira,0,0,0,0,0,0,0,0,0,0,0,0,0,0,0,26,0,0,0
Trollinger,0,2,0,0,0,0,0,0,0,0,0,0,0,0,0,0,0,0,0
Trousseau,0,0,0,0,0,0,0,0,0,0,0,0,1,0,0,5,0,0,0
Trousseau Gris,0,0,0,0,0,0,0,0,0,0,0,0,0,0,0,0,0,0,2
Tsapournakos,0,0,0,0,0,0,0,0,0,0,0,0,0,0,0,0,0,1,0
Tsolikouri,0,0,0,0,0,0,0,0,0,0,0,0,0,1,0,0,0,0,0
Turbiana,0,0,0,0,0,0,0,0,0,156,0,0,0,0,0,0,0,0,0
Tămâioasă Românească,0,0,0,0,0,0,2,0,0,0,0,0,0,0,0,0,0,0,0
Ugni Blanc,0,0,0,0,0,0,0,0,0,0,0,3,0,0,0,0,0,0,0
Ugni Blanc-Colombard,0,0,0,0,0,0,0,0,0,0,0,0,0,0,0,9,0,0,0
Uva di Troia,0,0,0,0,0,0,0,0,0,6,0,0,0,0,0,0,0,0,0
Uvalino,0,0,0,0,0,0,0,0,0,2,0,0,0,0,0,0,0,0,0
Valdiguié,0,0,0,0,0,0,0,0,0,0,0,2,0,0,0,0,0,0,2
Valvin Muscat,0,1,0,0,0,0,0,0,0,0,0,0,0,0,0,0,0,0,0
Veltliner,0,0,0,0,0,0,0,0,0,4,0,0,0,0,0,0,0,0,0
Verdeca,0,0,0,0,0,0,0,0,0,1,0,0,0,0,0,0,0,0,0
Verdejo,0,0,0,0,0,0,0,2,0,0,0,0,288,0,0,0,0,0,1
Verdejo-Sauvignon Blanc,0,0,0,0,0,0,0,0,0,0,0,0,5,0,0,0,0,0,0
Verdejo-Viura,0,0,0,0,0,0,0,0,0,0,0,0,22,0,0,0,0,0,0
Verdelho,0,0,0,0,0,0,0,5,5,0,0,4,0,0,0,36,0,0,6
Verdicchio,0,0,0,0,0,0,0,0,0,132,0,0,0,0,0,0,0,0,0
Verdil,0,0,0,0,0,0,0,0,0,0,0,0,1,0,0,0,0,0,0
Verdosilla,0,0,0,0,0,0,0,0,0,0,0,0,1,0,0,0,0,0,0
Verduzzo Friulano ,0,0,0,0,0,0,0,0,0,1,0,0,0,0,0,0,0,0,0
Vermentino,2,0,0,2,0,0,0,11,3,62,0,10,1,0,2,25,1,0,9
Vernaccia,0,0,0,0,0,0,0,0,0,95,0,0,1,0,0,0,0,0,0
Vespolina,0,0,0,0,0,0,0,0,0,2,0,0,0,0,0,0,0,0,0
Vidadillo,0,0,0,0,0,0,0,0,0,0,0,0,1,0,0,0,0,0,0
Vidal,0,2,0,1,0,0,0,0,0,0,0,0,0,0,3,0,5,0,0
Vidal Blanc,0,20,0,4,0,0,0,0,4,0,0,0,0,0,0,0,4,10,0
Vignoles,1,0,0,0,0,0,0,0,2,0,0,0,0,0,0,0,0,4,0
Vilana,0,0,0,0,0,0,0,0,0,0,0,0,0,0,0,0,0,4,0
Vinhão,0,0,0,0,0,0,0,0,0,0,0,0,0,0,0,4,0,0,0
Viognier,30,10,0,6,0,0,3,70,73,7,27,119,46,4,174,24,89,15,74
Viognier-Chardonnay,0,0,0,0,0,0,0,0,0,0,0,2,5,0,0,5,0,0,0
Viognier-Gewürztraminer,0,0,0,0,0,0,0,0,0,0,0,0,0,0,2,0,0,0,0
Viognier-Grenache Blanc,0,0,0,0,0,0,0,0,0,0,1,2,0,0,0,0,0,0,0
Viognier-Marsanne,0,0,0,0,0,0,0,0,1,0,0,0,0,0,1,0,0,0,0
Viognier-Roussanne,0,0,0,0,0,0,0,1,0,0,0,0,0,0,3,0,1,0,0
Viosinho,0,0,0,0,0,0,0,0,0,0,0,0,0,0,0,5,0,0,0
Vital,0,0,0,0,0,0,0,0,0,0,0,0,0,0,0,1,0,0,0
Vitovska,0,0,0,0,0,0,1,0,0,0,0,0,0,0,0,0,0,0,0
Viura,0,0,0,0,0,0,0,0,0,0,0,0,106,0,0,0,0,0,0
Viura-Chardonnay,0,0,0,0,0,0,0,0,0,0,0,0,13,0,0,0,0,0,0
Viura-Verdejo,0,0,0,0,0,0,0,0,0,0,0,0,2,0,0,0,0,0,0
Vranac,0,0,0,0,0,0,1,0,0,0,0,0,0,0,0,0,0,0,0
Vranec,0,1,0,0,0,0,2,0,0,0,0,0,0,0,0,0,0,1,0
Weissburgunder,0,12,25,0,0,0,0,0,1,0,0,0,0,0,0,8,0,0,0
Welschriesling,0,3,9,0,0,0,0,0,0,0,0,0,0,0,0,12,0,0,0
White Blend,5,75,63,7,0,0,38,95,50,357,57,50,356,29,107,255,71,96,67
White Port,0,0,0,0,0,0,0,0,0,0,0,0,0,0,0,1,0,0,0
White Riesling,0,0,0,0,0,0,0,0,0,0,1,0,0,0,4,0,0,0,0
Xarel-lo,0,0,0,0,0,0,0,0,0,0,0,0,20,0,0,0,0,0,0
Xinisteri,0,0,0,0,0,0,0,0,0,0,0,0,0,0,0,0,0,1,0
Xinomavro,0,0,0,0,0,0,0,0,0,0,0,0,0,0,0,0,0,33,0
Xynisteri,0,0,0,0,0,0,0,0,0,0,0,0,0,0,0,0,0,2,0
Yapincak,0,0,0,0,0,0,0,0,0,0,0,0,0,2,0,0,0,0,0
Zelen,0,1,0,0,0,0,0,0,0,0,0,0,0,0,0,0,0,0,0
Zibibbo,0,0,0,0,0,0,0,0,0,17,0,0,0,0,0,0,0,0,0
Zierfandler,0,0,12,0,0,0,0,0,0,0,0,0,0,0,0,4,0,0,0
Zierfandler-Rotgipfler,0,0,5,0,0,0,0,0,0,0,0,0,0,0,0,0,0,0,0
Zinfandel,0,0,0,0,0,0,0,434,3,0,0,175,0,0,151,0,17,0,800
Zlahtina,0,0,0,0,0,0,1,0,0,0,0,0,0,0,0,0,0,1,0
Zweigelt,0,2,130,0,0,0,1,0,0,0,0,0,0,0,2,71,3,0,0
Çalkarası,0,0,0,0,0,0,0,0,0,0,0,0,0,2,0,0,0,0,0
Žilavka,0,0,0,0,0,0,1,0,0,0,0,0,0,0,0,0,0,0,0
